Clade,Date (MYA)
4398.45_4220.4,4400
3445.13_3065.62,3309.98
GCA.001889985.1.Archaea.Micrarchaeota,52.22999999999956
3333.21_3006.56,3229.1123
3270.33_2932.07,3159.1279999999997
None,3069.6177
GCA.002789635.1.Archaea.Aenigmatarchaeota,52.22770000000037
None,2950.4107
GCA.002254415.1.Archaea.EX4484.52,52.23070000000007
GCA.001564035.1.Archaea.Nanohaloarchaeota,52.23070000000007
3194.53_2846.13,3077.8891999999996
2905.9_2487.12,2758.0732
GCA.002779075.1.Archaea.Iainarchaeota,52.23319999999967
GCA.002687735.1.Archaea.Iainarchaeota,52.23319999999967
3110.81_2751.72,2990.1848
2976.22_2581.13,2837.6458
2829.24_2399.44,2674.8458
GCA.002779595.1.Archaea.Nanoarchaeota,52.23579999999947
GCA.002763265.1.Archaea.Nanoarchaeota,52.23579999999947
GCA.002412085.1.Archaea.Nanoarchaeota,52.23580000000038
3015.82_2639.08,2884.5717999999997
2820.45_2370.62,2656.4737999999998
GCA.002505525.1.Archaea.Nanoarchaeota,52.233799999999974
GCA.002497285.1.Archaea.Nanoarchaeota,52.233799999999974
2906.3_2478.42,2755.2437999999997
GCA.002789275.1.Archaea.Huberarchaeota,52.233799999999974
GCA.000387965.1.Archaea.Nanoarchaeota,52.233799999999974
3270.62_2948.42,3169.6540999999997
3067.58_2707.28,2947.0870999999997
1279.15_531.155,945.4871000000003
GCA.002841105.1.Archaea.Altiarchaeota,52.23410000000058
GCA.002083985.1.Archaea.Altiarchaeota,52.23410000000058
2838.14_2445.35,2702.3521
2555.27_2054.93,2370.9771
GCA.002254565.1.Archaea.Altiarchaeota,52.227100000000064
GCA.001742785.1.Archaea.Altiarchaeota,52.227100000000064
GCA.001723855.1.Archaea.Altiarchaeota,52.23210000000017
3145.38_2829.57,3046.7731
3052.55_2738.48,2952.7604
2935.32_2608.75,2827.3804
2814.09_2436.34,2683.1574
GCF.002201895.1.Archaea.Euryarchaeota,52.23739999999998
GCA.001587715.1.Archaea.Methanobacteriota.B,52.23739999999998
2727.65_2348.97,2596.5964
GCF.002214485.1.Archaea.Methanobacteriota.B,52.236399999999776
GCA.001515205.2.Archaea.Hadarchaeota,52.236399999999776
3031.65_2717.43,2931.83
2832.32_2429.84,2689.075
GCA.003230355.1.Archaea.Hydrothermarchaeota,52.23499999999967
GCA.002502135.1.Archaea.Undinarchaeota,52.23499999999967
2937.35_2626.2,2839.0182
GCF.000025525.1.Archaea.Methanobacteriota.A,52.22819999999956
2870.72_2560.41,2771.7709999999997
None,2535.4790000000003
2555.98_2226.49,2445.8108
2466.71_2114.22,2346.9355
GCA.003009755.1.Archaea.Thermoplasmatota,52.235500000000684
2371.63_1978.56,2232.9895
GCA.002495235.1.Archaea.Thermoplasmatota,52.22949999999946
GCA.002494765.1.Archaea.Thermoplasmatota,52.22949999999946
2345.41_1971.36,2216.3078
GCA.002011355.1.Archaea.Thermoplasmatota,52.23779999999988
2172.33_1723.02,2013.1707999999999
GCA.002502685.1.Archaea.Thermoplasmatota,52.23079999999936
GCA.001595945.1.Archaea.Thermoplasmatota,52.23079999999936
2545.09_2220.22,2436.8413
2484.93_2152.78,2372.9575
GCA.002497685.1.Archaea.Thermoplasmatota,52.23750000000018
2341.56_1974.13,2213.8965
GCF.002078355.1.Archaea.Thermoplasmatota,52.23649999999998
2148.2_1753.52,2009.8474999999999
GCA.002878135.1.Archaea.Thermoplasmatota,52.227499999999964
GCA.002011395.1.Archaea.Thermoplasmatota,52.227499999999964
2432.16_2076.36,2308.2853
GCA.002495185.1.Archaea.Thermoplasmatota,52.23530000000028
2304.6_1941.33,2178.6702999999998
2135.57_1716.45,1986.1992999999998
GCA.001800745.1.Archaea.Thermoplasmatota,52.22929999999997
GCA.001595885.1.Archaea.Thermoplasmatota,52.22929999999997
GCA.001421185.1.Archaea.Thermoplasmatota,52.23029999999926
2710.79_2386.63,2604.804
GCA.003034855.1.Archaea.Halobacteriota,52.23399999999947
2587.9_2265.19,2482.9619999999995
2455.2_2100.9,2334.7039999999997
GCF.000194625.1.Archaea.Halobacteriota,52.23400000000038
GCA.002011165.1.Archaea.Halobacteriota,52.23400000000038
2487.89_2152.92,2377.921
2277.46_1884.6,2140.3509999999997
GCA.003194435.1.Archaea.Halobacteriota,52.23099999999977
GCA.001766825.1.Archaea.Halobacteriota,52.23099999999977
2396.19_2047.67,2278.2522
2234.17_1831.6,2094.1041999999998
GCF.002114285.1.Archaea.Halobacteriota,52.23419999999987
GCA.003158275.1.Archaea.Halobacteriota,52.23419999999987
2323.79_1964.99,2202.3948
GCA.002256595.1.Archaea.Halobacteriota,52.23480000000018
2208.35_1821.14,2075.4588
2080.58_1656.31,1931.2788
GCF.000970205.1.Archaea.Halobacteriota,52.228799999999865
GCF.000011005.1.Archaea.Euryarchaeota,52.228799999999865
GCA.001412335.1.Archaea.Halobacteriota,52.228799999999865
3029.57_2710.64,2927.0600999999997
2954.89_2635.04,2850.2735000000002
GCF.000019605.1.Archaea.Thermoproteota,52.23350000000028
2906.36_2586.84,2800.2637999999997
2779.64_2443.61,2666.3887999999997
2552.61_2192.32,2427.2048
2410.41_2016.29,2269.2558
2262.48_1833.37,2106.0528
GCF.001481685.1.Archaea.Thermoproteota,52.23279999999977
GCF.000092185.1.Archaea.Thermoproteota,52.23279999999977
GCF.000011205.1.Archaea.Thermoproteota,52.23580000000038
GCA.002254745.1.Archaea.Thermoproteota,52.23480000000018
2622.16_2245.25,2484.9538000000002
GCF.000148385.1.Archaea.Thermoproteota,52.233799999999974
2447.7_2011.83,2286.9658
GCA.003019535.1.Archaea.Thermoproteota,52.23580000000038
GCA.001717025.1.Archaea.Thermoproteota,52.23580000000038
2844.85_2522.59,2737.0114
2744.68_2408.75,2628.7533999999996
GCA.002495485.1.Archaea.Thermoproteota,52.233400000000074
2676.61_2342.2,2562.7816999999995
2536.91_2167.28,2407.4166999999998
GCA.002255025.1.Archaea.Thermoproteota,52.23669999999947
GCA.001593865.1.Archaea.Thermoproteota,52.23669999999947
2593.5_2239.9,2471.3286
2478.81_2077.88,2333.0396
2006.45_1446.63,1787.9715999999999
GCA.001774245.1.Archaea.Thermoproteota,52.23160000000007
GCA.001593875.1.Archaea.Thermoproteota,52.23160000000007
GCA.001593855.1.Archaea.Thermoproteota,52.22960000000057
2347.3_1911.83,2192.1335999999997
GCA.001775995.1.Archaea.Thermoproteota,52.23359999999957
GCA.001273335.1.Archaea.Thermoproteota,52.23359999999957
2734.97_2390.53,2617.1823999999997
GCA.002255045.1.Archaea.Thermoproteota,52.23239999999987
2665.95_2313.16,2541.1606
2536.09_2167.88,2405.9836
2456.17_2062.1,2315.4418
1742.17_1170.74,1526.9877999999999
GCA.002011085.1.Archaea.Thermoproteota,52.22779999999966
GCA.002011075.1.Archaea.Thermoproteota,52.22779999999966
GCA.001510295.1.Archaea.Thermoproteota,52.231799999999566
2406.16_1981.97,2250.0156
GCA.002506605.1.Archaea.Thermoproteota,52.23559999999998
GCA.000405685.1.Archaea.Thermoproteota,52.23559999999998
GCA.000375685.1.Archaea.Thermoproteota,52.23059999999987
2957.01_2632.54,2851.7210999999998
2712.39_2309.98,2571.2691
GCA.001940655.1.Archaea.Asgardarchaeota,52.22910000000047
GCA.001563325.1.Archaea.Asgardarchaeota,52.22910000000047
2888.31_2556.3,2781.2417
GCA.001940665.1.Archaea.Asgardarchaeota,52.231700000000274
2836.93_2489.48,2724.143
2731.6_2380.95,2613.406
2488.59_2073.43,2338.81
GCA.001940755.1.Archaea.Asgardarchaeota,52.22999999999956
GCA.001940725.1.Archaea.Asgardarchaeota,52.22999999999956
2389.82_1949.39,2230.622
GCA.003144275.1.Archaea.Asgardarchaeota,52.23199999999997
GCA.001940645.1.Archaea.Asgardarchaeota,52.23199999999997
1989.34_1597.89,1840.978
1857.1_1467.63,1705.8899999999999
GCA.000189635.1.Eukaryota.Ciliophora,52.22999999999956
1708.56_1330.09,1560.0479999999998
1566.16_1163.59,1410.1389999999997
GCF.000165345.1.Eukaryota.Apicocomplexa,52.22899999999936
GCA.000315625.1.Eukaryota.Cryptophyceae,52.22899999999936
None,1494.8844999999997
1551.64_1174.94,1398.0587999999998
GCA.015473125.1.Eukaryota.Viridiplantae,52.228799999999865
1392.48_1059.09,1238.4247999999998
GCF.000091205.1.Eukaryota.Rhodophyta,52.23480000000018
GCA.002049455.2.Eukaryota.Rhodophyta,52.23480000000018
1513.48_1122.72,1358.1274999999996
GCA.000004985.1.Eukaryota.Heterolobosea,52.227499999999054
1331.56_923.756,1167.8064999999997
GCA.000209225.1.Eukaryota.Cnidaria,52.23649999999998
1091.7_627.036,901.0714999999996
GCA.000188695.1.Eukaryota.Choanoflagellata,52.23149999999987
GCA.000002865.1.Eukaryota.Choanoflagellata,52.23149999999987
GCA.000002435.2.Eukaryota.Fornicata,52.228000000000065
3608.87_3312.65,3523.755
None,3424.7341
3466.68_3114.79,3349.1344
3327.02_2857.1,3159.2304
GCA.002402105.1.Bacteria.UBP17,52.23040000000037
GCA.002325765.1.Bacteria.Proteobacteria,52.23040000000037
GCA.001791795.1.Bacteria.Wallbacteria,52.22440000000006
3424.72_3061.28,3297.5780999999997
GCA.002869225.1.Bacteria.Muirbacteria,52.22810000000027
GCA.001787855.1.Bacteria.Riflebacteria,52.22810000000027
3587.74_3296.47,3505.2635
3553.34_3261.56,3469.5951
3468.94_3180.35,3385.4106
3413.03_3121.88,3329.7915000000003
3310.34_3018.46,3225.7905
3114.42_2774.43,3004.3695
GCA.003498085.1.Bacteria.UBA9089,52.22950000000037
2984.65_2605.48,2857.8725
GCA.003485015.1.Bacteria.UBA9089,52.23250000000007
GCA.001873945.1.Bacteria.UBA9089,52.23250000000007
3270.66_2972.96,3181.4677
3244.74_2951.81,3158.0886
3113.46_2786.75,3007.9606000000003
GCA.003527405.1.Bacteria.Atribacterota,52.23059999999987
2991.51_2625.76,2868.1316
GCA.002478245.1.Bacteria.UBP18,52.23160000000007
GCA.001871015.1.Bacteria.Desantisbacteria,52.23160000000007
3192.89_2897.63,3104.9705000000004
3104.09_2793.9,3008.6850000000004
GCA.002440765.1.Bacteria.UBA6266,52.225000000000364
3019.94_2699.9,2916.6254
GCA.002791075.1.Bacteria.Ratteibacteria,52.22540000000026
2930.14_2607.09,2828.3905000000004
GCA.002085025.1.Bacteria.Omnitrophota,52.230500000000575
2912.2_2585.64,2806.9476000000004
2776.49_2442.7,2667.4836000000005
2710.32_2349.26,2588.0876000000003
2540.07_2135.68,2400.7126000000003
GCA.003140915.1.Bacteria.Omnitrophota,52.232600000000275
GCA.002783585.1.Bacteria.Omnitrophota,52.232600000000275
GCA.002780805.1.Bacteria.Omnitrophota,52.227600000000166
2734.98_2394.68,2623.3007000000002
2575.36_2178.89,2437.2287
GCA.002796105.1.Bacteria.Omnitrophota,52.22869999999966
GCA.002779345.1.Bacteria.Omnitrophota,52.22869999999966
2673.97_2328.78,2559.5157
2541.49_2156.29,2408.9747
GCA.002787095.1.Bacteria.Omnitrophota,52.22470000000067
GCA.001805885.1.Bacteria.Omnitrophota,52.22470000000067
2490.77_2124.19,2365.0427
2366.8_1967.86,2228.0087000000003
GCA.003154195.1.Bacteria.Omnitrophota,52.22869999999966
GCA.001805575.1.Bacteria.Omnitrophota,52.22869999999966
2421.55_2043.76,2289.9637000000002
GCA.002796125.1.Bacteria.Omnitrophota,52.22370000000046
2253.94_1830.02,2104.5707
GCA.003451585.1.Bacteria.Omnitrophota,52.23070000000007
GCA.001805375.1.Bacteria.Omnitrophota,52.23070000000007
GCA.001804315.1.Bacteria.Omnitrophota,52.227600000000166
3007.99_2691.63,2906.8825
GCA.002441095.1.Bacteria.UBA6262,52.23250000000007
2927.84_2600.67,2821.8236
GCA.002780705.1.Bacteria.CG03,52.22360000000026
2749.26_2421.44,2640.6806
GCA.001800605.1.Bacteria.Elusimicrobiota,52.23060000000078
2662.61_2326.35,2549.6445000000003
2562.4_2191.02,2435.0505000000003
GCA.002412545.1.Bacteria.Elusimicrobiota,52.230499999999665
GCA.001800495.1.Bacteria.Elusimicrobiota,52.230499999999665
2580.96_2235.38,2462.6881000000003
2522.01_2170.47,2401.8081
2413.27_2039.68,2281.6281
2343.88_1949.55,2201.8923
GCF.001027545.1.Bacteria.Elusimicrobiota,52.23229999999967
GCA.003158755.1.Bacteria.Elusimicrobiota,52.23229999999967
GCA.002841695.1.Bacteria.Elusimicrobiota,52.22810000000027
2377.56_1979.22,2235.2451
GCA.001800095.1.Bacteria.Elusimicrobiota,52.22509999999966
GCA.001800075.1.Bacteria.Elusimicrobiota,52.22509999999966
2155.61_1685.82,1980.7761
GCA.001800245.1.Bacteria.Elusimicrobiota,52.22609999999986
GCA.001799695.1.Bacteria.Elusimicrobiota,52.22609999999986
3093.76_2754.97,2982.8847
GCA.003152075.1.Bacteria.FCPU426,52.22470000000067
3031.8_2649.81,2902.1109
GCA.003167475.1.Bacteria.Goldbacteria,52.230900000000474
GCA.001778375.1.Bacteria.Firestonebacteria,52.230900000000474
3319.44_3020.45,3227.9225
3160.51_2818.15,3050.2715
2750.37_2259.96,2578.2185
GCA.003501375.1.Bacteria.Sumerlaeota,52.22850000000017
GCA.003290465.1.Bacteria.Sumerlaeota,52.22850000000017
GCA.002428325.1.Bacteria.UBP4,52.22149999999965
3295.82_2990.06,3202.9374
3178.82_2816.22,3061.8094
GCA.002746185.1.Bacteria.Hydrogenedentota,52.22940000000017
GCA.001567115.1.Bacteria.OLB16,52.22940000000017
3208.38_2869.75,3101.2214000000004
GCA.001784175.1.Bacteria.Lindowbacteria,52.231400000000576
2849.97_2387.35,2694.6744
GCA.002687025.1.Bacteria.Poribacteria,52.22440000000006
GCA.000406005.1.Bacteria.Poribacteria,52.22440000000006
None,3378.4174000000003
3352.46_3056.39,3263.9744
GCA.001730085.1.Bacteria.GCA.001730085,52.22440000000006
3302.8_3009.8,3217.3977999999997
3218.67_2922.31,3130.4894999999997
2994.35_2682.53,2895.4285
2782.77_2430.91,2666.1825
2568.85_2170.99,2428.8255
2296.91_1810.68,2121.5225
GCF.900105685.1.Bacteria.Verrucomicrobiota,52.23250000000007
GCA.003219195.1.Bacteria.Verrucomicrobiota,52.23250000000007
GCA.003164675.1.Bacteria.Verrucomicrobiota,52.225500000000466
2690.73_2306.83,2561.3464999999997
GCA.002708005.1.Bacteria.Verrucomicrobiota,52.22649999999976
2522.23_2073.08,2360.0155
GCA.002382525.1.Bacteria.Verrucomicrobiota,52.225500000000466
GCA.002323895.1.Bacteria.Verrucomicrobiota,52.225500000000466
2937.99_2618.05,2835.7111
2795.06_2446.1,2677.4091
2621.74_2221.62,2483.3841
GCA.003246265.1.Bacteria.Verrucomicrobiota,52.22410000000036
GCA.002429065.1.Bacteria.Verrucomicrobiota,52.22410000000036
2432.88_1974.6,2269.4281
GCA.002369235.1.Bacteria.Verrucomicrobiota,52.22810000000027
GCA.001804885.1.Bacteria.Verrucomicrobiota,52.22810000000027
2638.34_2259.4,2504.6760999999997
GCA.001804805.1.Bacteria.Verrucomicrobiota,52.22609999999986
2490.51_2082.97,2344.5690999999997
2443.05_2024.16,2293.0492999999997
GCA.003477185.1.Bacteria.Verrucomicrobiota,52.22929999999906
2315.83_1863.86,2150.5262999999995
GCF.000170755.1.Bacteria.Verrucomicrobiota,52.226299999999355
GCA.002340265.1.Bacteria.Verrucomicrobiota,52.226299999999355
GCA.001803235.1.Bacteria.Verrucomicrobiota,52.22909999999956
3158.18_2831.61,3058.4952
GCA.002366995.1.Bacteria.UBA3054,52.22519999999986
2650.27_2198.44,2493.0631999999996
2348.1_1801.36,2151.6132
GCF.000204255.1.Bacteria.Chlamydiota,52.22320000000036
GCA.002786175.1.Bacteria.Chlamydiota,52.22320000000036
GCA.001794905.1.Bacteria.Chlamydiota,52.22319999999945
3047.21_2744.1,2953.9698
2975.88_2641.73,2866.3967999999995
GCA.003136555.1.Bacteria.Planctomycetota,52.22679999999946
2876.69_2517.37,2757.0887999999995
GCA.003245715.1.Bacteria.Planctomycetota,52.228799999999865
GCA.002746535.1.Bacteria.Planctomycetota,52.228799999999865
2963.97_2655.06,2867.4673999999995
2862.25_2534.73,2756.3633999999997
2612.85_2239.46,2487.3903999999998
GCF.002277955.1.Bacteria.Planctomycetota,52.23040000000037
2411.52_1987.57,2264.7223999999997
GCA.003508595.1.Bacteria.Planctomycetota,52.23239999999987
2150.28_1653.4,1977.6963999999998
GCF.900129635.1.Bacteria.Planctomycetota,52.22639999999956
GCA.002404095.1.Bacteria.Planctomycetota,52.22639999999956
2707.96_2358.79,2593.8143999999998
GCA.003170085.1.Bacteria.Planctomycetota,52.22439999999915
2469.18_2086.91,2341.0463999999997
2325.24_1906.5,2180.2693999999997
1979.25_1477.19,1791.5773999999997
GCA.002704825.1.Bacteria.Planctomycetota,52.22739999999976
GCA.002364485.1.Bacteria.Planctomycetota,52.22739999999976
GCA.002338715.1.Bacteria.Planctomycetota,52.22940000000017
2369.72_1968.79,2232.3794
2243.41_1810.37,2090.5314
GCA.003171235.1.Bacteria.Planctomycetota,52.23139999999967
GCA.002839495.1.Bacteria.Planctomycetota,52.23139999999967
GCA.002311745.1.Bacteria.Planctomycetota,52.22940000000017
2904.81_2586.56,2804.2742
2818.66_2481.54,2709.9739
2726.66_2366.24,2606.6198999999997
2550.58_2138.28,2407.3338999999996
GCA.002748355.1.Bacteria.Planctomycetota,52.22389999999996
GCA.002746235.1.Bacteria.Planctomycetota,52.22389999999996
GCA.002683135.1.Bacteria.Planctomycetota,52.22990000000027
2583.76_2198.33,2451.7369
2420.34_1981.42,2265.0229
GCA.003509045.1.Bacteria.Planctomycetota,52.222899999999754
GCA.002402755.1.Bacteria.Planctomycetota,52.222899999999754
GCA.002167285.1.Bacteria.Planctomycetota,52.22689999999966
2777.61_2429.12,2662.5062
2636.03_2216.62,2490.4242
GCA.001828445.1.Bacteria.Planctomycetota,52.224200000000565
GCA.001303885.1.Bacteria.Planctomycetota,52.224200000000565
2655.98_2268.67,2523.1182
GCF.000949635.1.Bacteria.Planctomycetota,52.22819999999956
GCA.001302825.1.Bacteria.Planctomycetota,52.22819999999956
3432.51_3143.85,3349.2041
3385.47_3096.6,3300.4755000000005
3271.16_2973.1,3181.3935
GCA.002780065.1.Bacteria.UBA8481,52.22350000000006
3102.94_2793.3,3008.0625
3005.3_2662.93,2894.6275000000005
GCF.900112165.1.Bacteria.Spirochaetota,52.227499999999964
2823.16_2411.28,2681.3465000000006
GCF.000092845.1.Bacteria.Spirochaetota,52.22650000000067
GCA.003497555.1.Bacteria.Spirochaetota,52.22650000000067
3007.1_2684.71,2905.8065
2822.05_2455.83,2702.9865
2531.31_2076.31,2375.8275000000003
GCF.000266885.1.Bacteria.Spirochaetota,52.22750000000087
GCA.002730875.1.Bacteria.Spirochaetota,52.22750000000087
GCA.002418835.1.Bacteria.Spirochaetota,52.22649999999976
2906.8_2568.25,2797.9945000000002
2682.35_2278.87,2542.7825000000003
2425.63_1959.83,2260.2675000000004
GCF.001922545.1.Bacteria.Spirochaetota,52.22750000000087
2301.87_1825.4,2130.9845000000005
GCF.000758165.1.Bacteria.Spirochaetota,52.22450000000026
GCA.002406055.1.Bacteria.Spirochaetota,52.22450000000026
GCA.001829315.1.Bacteria.Spirochaetota,52.222499999999854
2749.56_2345.81,2609.6085000000003
GCA.002450905.1.Bacteria.Spirochaetota,52.22850000000017
GCA.001829155.1.Bacteria.Spirochaetota,52.22850000000017
3337.52_3050.91,3253.9783
3293.35_3005.99,3209.4331
3186.65_2891.31,3098.8721000000005
GCF.000526155.1.Bacteria.Desulfobacterota,52.23210000000017
2997.63_2665.61,2892.5091
GCF.000177635.2.Bacteria.Chrysiogenota,52.22910000000047
2351.06_1748.26,2133.8481
GCF.000487995.1.Bacteria.Deferribacterota,52.22810000000027
GCA.002402635.1.Bacteria.Deferribacterota,52.22810000000027
3252.87_2963.37,3167.8769
2881.53_2506.16,2759.7139
GCA.002707655.1.Bacteria.SAR324,52.22390000000087
GCA.002401295.1.Bacteria.SAR324,52.22390000000087
3220.82_2930.8,3138.1702000000005
3187.07_2898.41,3104.8403000000003
2930.03_2596.67,2822.7803000000004
GCF.900177345.1.Bacteria.Proteobacteria,52.23030000000017
GCF.001907975.1.Bacteria.Proteobacteria,52.23030000000017
3102.9_2815.52,3019.5721000000003
3045.39_2757.93,2962.5261
2921.46_2618.35,2827.7431000000006
GCF.002795805.1.Bacteria.Proteobacteria,52.22310000000016
GCA.001872725.1.Bacteria.Proteobacteria,52.22310000000016
2944.12_2657.95,2862.0781
GCF.002109495.1.Bacteria.Proteobacteria,52.22810000000027
2811.27_2518.56,2724.0611
GCA.002689455.1.Bacteria.Proteobacteria,52.23109999999997
2689.47_2396.93,2602.2101000000002
GCA.002937675.1.Bacteria.Proteobacteria,52.230100000000675
2633.99_2343.44,2548.2761
None,2472.567
GCA.002787615.1.Bacteria.Proteobacteria,52.22699999999986
2487.28_2184.97,2393.8044
GCA.002422845.1.Bacteria.Proteobacteria,52.22440000000006
2445.57_2134.29,2347.3626000000004
2245.54_1901.68,2131.6376000000005
GCA.002938255.1.Bacteria.Proteobacteria,52.227600000000166
2082.43_1693.68,1945.4576000000006
GCA.003213135.1.Bacteria.Proteobacteria,52.227600000000166
GCA.002717245.1.Bacteria.Proteobacteria,52.227600000000166
2396.92_2084.54,2297.6146000000003
2304.96_1976.63,2197.7144000000003
GCF.003072485.1.Bacteria.Proteobacteria,52.22440000000097
2263.43_1925.43,2152.6465000000003
GCA.002500565.1.Bacteria.Proteobacteria,52.22650000000067
GCA.002238905.1.Bacteria.Proteobacteria,52.22650000000067
2326.82_1994.26,2218.2937
GCA.002084505.1.Bacteria.Proteobacteria,52.22370000000046
GCA.001898075.1.Bacteria.Proteobacteria,52.22370000000046
2548.4_2254.64,2460.889
GCA.002632265.1.Bacteria.Proteobacteria,52.22900000000027
2448.11_2150.92,2359.5610000000006
2372.03_2062.25,2276.0752
GCA.002722885.1.Bacteria.Proteobacteria,52.22520000000077
2233.96_1908.53,2129.9942
GCA.006969625.1.Bacteria.Proteobacteria,52.224200000000565
2078.21_1695.66,1952.3162000000002
GCA.002898275.1.Bacteria.Proteobacteria,52.22620000000006
GCA.002238885.1.Bacteria.Proteobacteria,52.22620000000006
2403.09_2104.01,2312.1960000000004
2370.99_2071.03,2278.0436000000004
2272.38_1954.05,2171.6256000000003
2153.66_1812.41,2043.0846000000001
GCF.001613805.1.Bacteria.Proteobacteria,52.224600000000464
GCA.002723345.1.Bacteria.Proteobacteria,52.224600000000464
2125.17_1777.01,2010.2646000000004
GCA.002717185.1.Bacteria.Proteobacteria,52.224600000000464
2032.31_1640.68,1899.5176000000006
GCA.002717225.1.Bacteria.Proteobacteria,52.227600000000166
1892.76_1445.64,1732.4416000000006
GCA.002686135.1.Bacteria.Proteobacteria,52.23160000000098
GCA.002348425.1.Bacteria.Proteobacteria,52.23160000000098
2305.03_1998.47,2207.7269000000006
2214.88_1892.6,2110.9396000000006
None,1957.3596000000007
GCF.002148795.1.Bacteria.Proteobacteria,52.22960000000057
1740.35_1322.15,1597.5436000000009
GCF.900102465.1.Bacteria.Proteobacteria,52.23360000000139
1591.74_1147.79,1437.052600000001
GCA.002709155.1.Bacteria.Proteobacteria,52.232600000001185
1464.03_999.247,1290.651600000001
GCA.003280605.1.Bacteria.Proteobacteria,52.23160000000098
GCA.002457765.1.Bacteria.Proteobacteria,52.23160000000098
GCA.002340345.1.Bacteria.Proteobacteria,52.22960000000057
2249.28_1934.35,2148.9416000000006
2168.56_1839.31,2060.7491000000005
2062.81_1716.91,1946.8571000000006
GCF.002251795.1.Bacteria.Proteobacteria,52.227100000000064
1844.48_1438.79,1701.0971000000009
GCF.006980715.1.Bacteria.Proteobacteria,52.22710000000097
GCF.000315795.1.Bacteria.Proteobacteria,52.22710000000097
None,1904.6411000000003
GCF.900167455.1.Bacteria.Proteobacteria,52.23109999999997
1896.55_1490.6,1753.9711000000002
GCF.003258945.1.Bacteria.Proteobacteria,52.23109999999997
GCA.002291925.1.Bacteria.Proteobacteria,52.23109999999997
2158.12_1822.01,2044.1896000000006
GCA.003504035.1.Bacteria.Proteobacteria,52.22960000000057
2048.32_1703.79,1930.7326000000007
1873.03_1483.05,1730.7766000000006
GCA.002257235.1.Bacteria.Proteobacteria,52.22660000000087
GCA.001898705.1.Bacteria.Proteobacteria,52.22660000000087
1976.65_1609.47,1848.514400000001
GCA.001897795.1.Bacteria.Proteobacteria,52.22440000000097
1778.86_1357.57,1621.8734000000009
GCF.000757605.1.Bacteria.Proteobacteria,52.233400000000984
GCA.001897475.1.Bacteria.Proteobacteria,52.233400000000984
2326.95_2018.31,2230.2381000000005
2130.74_1781.66,2015.8431000000005
GCF.000264455.2.Bacteria.Proteobacteria,52.23310000000038
GCA.002721365.1.Bacteria.Proteobacteria,52.23310000000038
2268.74_1955.28,2169.3600000000006
1997.49_1597.62,1859.0670000000005
GCA.002701885.1.Bacteria.Proteobacteria,52.22700000000077
GCA.002348365.1.Bacteria.Proteobacteria,52.22700000000077
2217.29_1895.72,2113.2062000000005
2015.92_1636.83,1886.9612000000006
GCF.900172325.1.Bacteria.Proteobacteria,52.23120000000017
GCF.002798435.1.Bacteria.Proteobacteria,52.23120000000017
2143.57_1811.36,2032.3464000000004
1936.33_1537.42,1798.5114000000003
GCF.003173035.1.Bacteria.Proteobacteria,52.231400000000576
GCA.002796975.1.Bacteria.Proteobacteria,52.231400000000576
2045.43_1699.12,1924.5464000000002
1926.5_1542.22,1786.7194
GCF.000192575.1.Bacteria.Proteobacteria,52.22940000000017
GCA.002731375.1.Bacteria.Proteobacteria,52.22940000000017
1849.48_1474.57,1712.3584
1721.78_1313.25,1568.5054
1547.22_1064.06,1364.6224000000002
GCA.003454415.1.Bacteria.Proteobacteria,52.23239999999987
GCA.003158585.1.Bacteria.Proteobacteria,52.23239999999987
GCA.002280485.1.Bacteria.Proteobacteria,52.22540000000026
1805.19_1416.34,1661.0115
GCA.002480495.1.Bacteria.Proteobacteria,52.23149999999987
GCA.001464215.1.Bacteria.Proteobacteria,52.23149999999987
2913.41_2629.28,2833.3891000000003
GCF.001399755.1.Bacteria.Proteobacteria,52.22910000000047
2814.28_2529.69,2733.4213000000004
2632.1_2308.41,2531.2413000000006
2561.33_2203.6,2444.7272000000003
GCA.002722435.1.Bacteria.Proteobacteria,52.227200000000266
GCA.002683115.1.Bacteria.Proteobacteria,52.227200000000266
GCA.001750645.1.Bacteria.Proteobacteria,52.231300000000374
2725.11_2441.6,2645.5772000000006
2609.15_2308.12,2517.1372
2475.73_2140.16,2369.3562
GCA.002451085.1.Bacteria.Proteobacteria,52.22620000000006
GCA.002420425.1.Bacteria.Proteobacteria,52.22620000000006
2379.45_1993.84,2247.5232000000005
GCA.002405475.1.Bacteria.Proteobacteria,52.22320000000036
GCA.001750625.1.Bacteria.Proteobacteria,52.22320000000036
2669.79_2387.25,2590.389
2502.24_2184.36,2405.4270000000006
GCF.900111015.1.Bacteria.Proteobacteria,52.22700000000077
GCF.002940605.1.Bacteria.Proteobacteria,52.22700000000077
2629.66_2345.61,2549.2041000000004
2534.92_2233.92,2444.4171000000006
2430.78_2066.35,2310.0421000000006
GCF.001431315.1.Bacteria.Proteobacteria,52.23210000000108
GCA.003489505.1.Bacteria.Proteobacteria,52.23210000000108
2432.28_2101.55,2327.1121000000003
GCA.002631715.1.Bacteria.Proteobacteria,52.23210000000017
GCA.002352565.1.Bacteria.Proteobacteria,52.23210000000017
2583.69_2298.15,2502.0458000000003
2481.45_2186.41,2394.5988
2233.12_1879.19,2115.8528
GCF.000021985.1.Bacteria.Proteobacteria,52.22279999999955
GCA.002747435.1.Bacteria.Proteobacteria,52.22279999999955
2433.26_2131.09,2342.5228
2336.27_2009.64,2232.8318000000004
GCF.001641825.1.Bacteria.Proteobacteria,52.231800000000476
2174.6_1802.94,2052.4668
GCF.001614315.2.Bacteria.Proteobacteria,52.22680000000037
1939.79_1483.78,1779.3918000000003
GCA.002746645.1.Bacteria.Proteobacteria,52.231800000000476
GCA.002699105.1.Bacteria.Bacteroidota,52.231800000000476
2303.08_1974.86,2197.9018
2181.41_1815.16,2059.0028
GCA.002386945.1.Bacteria.Proteobacteria,52.22280000000046
2002.84_1565.08,1850.5478000000003
GCA.002728355.1.Bacteria.Proteobacteria,52.22780000000057
GCA.002007405.1.Bacteria.Proteobacteria,52.22780000000057
GCA.001735895.1.Bacteria.Proteobacteria,52.231799999999566
2533.91_2248.2,2451.2473
2431.81_2133.18,2342.3663
2247.81_1887.68,2129.7553000000003
GCF.002958735.1.Bacteria.Proteobacteria,52.22530000000006
GCF.000239355.1.Bacteria.Proteobacteria,52.22530000000006
2326.89_2005.06,2227.6073
2214.09_1856.87,2098.3143
GCF.001051235.1.Bacteria.Proteobacteria,52.22429999999986
GCA.002862435.1.Bacteria.Proteobacteria,52.22429999999986
GCA.002255365.1.Bacteria.Proteobacteria,52.22730000000047
2502.58_2213.48,2419.5910000000003
2432.98_2133.14,2343.6994
2336.84_2021.09,2238.2284
2146.1_1778.99,2028.3984
GCF.900112605.1.Bacteria.Proteobacteria,52.228399999999965
GCF.000374645.1.Bacteria.Proteobacteria,52.228399999999965
GCA.002432655.1.Bacteria.Proteobacteria,52.228399999999965
2165.59_1826.73,2053.8544
2033.36_1657.73,1904.1724000000004
1791.46_1340.54,1620.4624000000003
GCA.003155415.1.Bacteria.Proteobacteria,52.23240000000078
GCA.003137095.1.Bacteria.Proteobacteria,52.23240000000078
GCA.002868855.1.Bacteria.Proteobacteria,52.23240000000078
2076.74_1714.31,1954.1860000000001
GCA.003228965.1.Bacteria.Proteobacteria,52.22600000000057
1917.52_1495.05,1768.63
GCA.002688175.1.Bacteria.Proteobacteria,52.22999999999956
GCA.002338605.1.Bacteria.Proteobacteria,52.22999999999956
2458.58_2165.99,2373.6747
2406.05_2110.57,2320.6693
2350.69_2050.64,2262.7729
GCA.002085445.1.Bacteria.Proteobacteria,52.222899999999754
None,2198.6277999999998
2061.78_1698.11,1943.6447999999996
GCF.001720165.1.Bacteria.Proteobacteria,52.22479999999996
GCF.000024725.1.Bacteria.Proteobacteria,52.22479999999996
None,2069.0858
2002.91_1629.28,1882.3927999999996
GCA.002454015.1.Bacteria.Proteobacteria,52.23279999999977
GCA.002389045.1.Bacteria.Proteobacteria,52.23279999999977
1996.49_1631.91,1879.3437999999996
1713.35_1281.47,1564.1357999999996
GCA.002292285.1.Bacteria.Proteobacteria,52.22579999999925
GCA.002170535.1.Bacteria.Proteobacteria,52.22579999999925
GCA.002007425.1.Bacteria.Proteobacteria,52.223799999999756
2311.95_2007.45,2222.6403
2205.19_1887.24,2107.2403
2073.3_1720.93,1960.3633
GCF.000815225.1.Bacteria.Proteobacteria,52.23329999999987
GCF.000300295.4.Bacteria.Proteobacteria,52.23329999999987
2109.42_1778.47,2006.1223
GCF.003097315.1.Bacteria.Proteobacteria,52.23229999999967
1978.58_1613.79,1861.9043000000001
GCF.003612015.1.Bacteria.Proteobacteria,52.22429999999986
1717.52_1270.06,1564.9573
GCF.003052605.1.Bacteria.Proteobacteria,52.22730000000047
GCF.000284615.1.Bacteria.Proteobacteria,52.22730000000047
2186.77_1859.3,2086.5443
2112.88_1771.07,2005.1916999999999
1936.54_1548.86,1805.9256999999998
GCA.002796245.1.Bacteria.Proteobacteria,52.22569999999996
GCA.002707205.1.Bacteria.Proteobacteria,52.22569999999996
GCA.002469885.1.Bacteria.Proteobacteria,52.231700000000274
2111.75_1770.83,2003.7690000000002
GCA.001801745.1.Bacteria.Proteobacteria,52.22900000000027
2042.71_1696.09,1931.7447000000002
GCA.002404295.1.Bacteria.Proteobacteria,52.22470000000067
1958.98_1592.03,1835.6192
GCA.002429595.1.Bacteria.Proteobacteria,52.229199999999764
1837.98_1411.95,1682.8002000000001
GCA.002732805.1.Bacteria.Proteobacteria,52.23019999999997
GCA.001801285.1.Bacteria.Proteobacteria,52.23019999999997
2362.51_2059.74,2272.0657
2302.89_1990.85,2209.0371
2185.15_1829.83,2069.6151
GCF.002020875.1.Bacteria.Proteobacteria,52.22509999999966
GCF.001697225.1.Bacteria.Proteobacteria,52.22509999999966
GCA.002840095.1.Bacteria.Proteobacteria,52.227100000000064
2233.72_1908.5,2132.6367
2065.68_1654.2,1927.7477
GCA.003230085.1.Bacteria.Proteobacteria,52.22769999999946
GCA.002400775.1.Bacteria.Proteobacteria,52.22769999999946
2120.83_1757.31,2005.3557
GCA.001464965.1.Bacteria.Proteobacteria,52.22569999999996
GCA.001447805.1.Bacteria.Proteobacteria,52.22569999999996
2982.77_2638.66,2867.1882000000005
GCA.002395105.1.Bacteria.Proteobacteria,52.22820000000047
2328.01_1819.43,2150.8102000000003
GCF.000021725.1.Bacteria.Campylobacterota,52.23019999999997
GCA.000830255.1.Bacteria.Campylobacterota,52.23019999999997
3280.99_2992.89,3196.6144000000004
3084.96_2785.38,2992.8424000000005
2923.59_2583.7,2811.1474000000003
GCA.002898535.1.Bacteria.Acidobacteriota,52.22739999999976
2603.05_2187.24,2457.1904000000004
GCA.002335385.1.Bacteria.Acidobacteriota,52.23040000000037
None,2250.1154000000006
GCA.002010665.1.Bacteria.Acidobacteriota,52.22540000000117
GCA.001775755.1.Bacteria.Acidobacteriota,52.22540000000117
3005.21_2701.47,2909.2302
2826.67_2477.39,2710.2202
GCA.002789615.1.Bacteria.Acidobacteriota,52.23019999999997
2675.97_2270.44,2538.1552
GCA.002747255.1.Bacteria.Acidobacteriota,52.22520000000077
GCA.002298155.1.Bacteria.Acidobacteriota,52.22520000000077
2942.95_2629.27,2842.4628000000002
GCA.002731215.1.Bacteria.Acidobacteriota,52.22280000000046
2850.89_2538.09,2750.2281000000003
2771.91_2452.75,2670.6477000000004
2639.97_2287.08,2523.1557000000003
GCA.002712885.1.Bacteria.Acidobacteriota,52.22570000000087
2523.34_2133.88,2390.8327
GCA.003155335.1.Bacteria.Acidobacteriota,52.22270000000026
GCA.002238705.1.Bacteria.Acidobacteriota,52.22270000000026
2624.66_2284.57,2514.7157
2486.27_2105.23,2356.8057
2216.57_1744.39,2051.7977
GCA.003223975.1.Bacteria.Acidobacteriota,52.22770000000037
GCA.002483445.1.Bacteria.Acidobacteriota,52.22770000000037
GCA.002451015.1.Bacteria.Acidobacteriota,52.22569999999996
2444.95_2072.95,2318.5787
GCA.003222815.1.Bacteria.Acidobacteriota,52.22869999999966
2277.79_1876.82,2140.4057000000003
GCA.003224665.1.Bacteria.Acidobacteriota,52.22570000000087
2189.24_1772.9,2046.3559000000005
GCA.003131705.1.Bacteria.Acidobacteriota,52.225900000000365
2127.24_1691.75,1973.4146000000005
2047.7_1564.9,1876.1805000000004
GCA.003152325.1.Bacteria.Acidobacteriota,52.230500000000575
GCA.003140235.1.Bacteria.Acidobacteriota,52.230500000000575
GCA.001767075.1.Bacteria.Acidobacteriota,52.224600000000464
2733.41_2407.5,2629.5681000000004
2577.83_2190.85,2447.8841
2440.88_2036.86,2304.0181000000002
2250.44_1790.01,2089.8001000000004
GCA.003223635.1.Bacteria.Acidobacteriota,52.230100000000675
GCA.003152095.1.Bacteria.Acidobacteriota,52.230100000000675
GCA.003133645.1.Bacteria.Acidobacteriota,52.22810000000027
GCA.002327305.1.Bacteria.Acidobacteriota,52.22410000000036
2626.53_2264.72,2504.4191
2433.06_1994.76,2276.8051
GCA.003223995.1.Bacteria.Acidobacteriota,52.22509999999966
GCA.003223145.1.Bacteria.Acidobacteriota,52.22509999999966
GCA.001664505.1.Bacteria.Acidobacteriota,52.22910000000047
3234.81_2944.98,3149.8637
3181.51_2889.84,3095.1821
3069.2_2746.98,2966.2511
GCA.003230535.1.Bacteria.SZUA.182,52.23109999999997
2916.96_2551.19,2796.4191
GCA.002347965.1.Bacteria.UBA2233,52.22910000000047
GCA.001775255.1.Bacteria.Desulfobacterota.D,52.22910000000047
3076.13_2769.52,2981.6521000000002
None,2817.1671
2740.21_2358.81,2611.4471000000003
2488.94_2001.88,2316.3071
GCA.001914955.1.Bacteria.Nitrospirota,52.227100000000064
GCA.001803875.1.Bacteria.Nitrospirota,52.227100000000064
2586.88_2153.33,2437.8511
GCA.001805205.1.Bacteria.Nitrospirota,52.23109999999997
GCA.001803815.1.Bacteria.Nitrospirota,52.23109999999997
2810.4_2450.44,2692.5641
2503.33_2048.57,2346.1361
GCA.003235715.1.Bacteria.Nitrospirota,52.22609999999986
2333.23_1821.81,2151.2751000000003
GCA.003153275.1.Bacteria.Nitrospirota,52.22509999999966
GCA.002011735.1.Bacteria.Nitrospirota,52.22509999999966
2649.26_2222.28,2503.1331
GCA.003454665.1.Bacteria.Nitrospirota,52.22310000000016
GCA.001803795.1.Bacteria.Nitrospirota,52.22310000000016
2791.15_2373.95,2652.7441
GCA.003220615.1.Bacteria.Methylomirabilota,52.22409999999945
GCA.001771285.1.Bacteria.Methylomirabilota,52.22409999999945
3206.1_2915.36,3119.4147000000003
3046.49_2729.74,2946.7297
2912.14_2580.91,2806.6877000000004
2767.72_2329.16,2613.0137000000004
GCF.900079095.1.Bacteria.Tectomicrobia,52.22370000000046
GCA.002238965.1.Bacteria.UBA8248,52.22370000000046
2768.8_2397.74,2646.9397
2677.33_2274.58,2542.1227
2575.43_2152.32,2428.3337
GCA.003229375.1.Bacteria.Nitrospinota,52.22370000000046
GCA.002705185.1.Bacteria.Nitrospinota,52.22370000000046
GCA.002500605.1.Bacteria.Nitrospinota,52.22270000000026
GCA.001803565.1.Bacteria.Nitrospinota.B,52.229699999999866
GCA.001790645.1.Bacteria.Schekmanbacteria,52.229699999999866
3166.46_2876.12,3081.6545
3062.93_2771.04,2975.8495000000003
3010.27_2715.15,2922.5886
2953.24_2652.29,2861.3499
2758.96_2397.79,2639.0159
GCA.003170555.1.Bacteria.FEN.1099,52.225899999999456
GCA.001799195.1.Bacteria.Bdellovibrionota,52.225899999999456
2858.98_2547.7,2761.8859
2785.83_2456.54,2679.7673999999997
GCA.002787535.1.Bacteria.Bdellovibrionota,52.22739999999976
2648.53_2299.51,2536.0634
GCA.001798135.1.Bacteria.UBA10199,52.223399999999856
2564.17_2199.07,2442.5393
GCA.001798715.1.Bacteria.UBA10199,52.22929999999997
2459.42_2072.5,2325.6213
GCA.002796325.1.Bacteria.UBA10199,52.231299999999464
2326.52_1904.55,2177.0173
GCA.001798185.1.Bacteria.UBA10199,52.22730000000047
GCA.001798075.1.Bacteria.UBA10199,52.22730000000047
2753.73_2420.14,2643.5289000000002
2635.44_2277.02,2514.4049
2563.53_2186.72,2432.241
GCA.002342225.1.Bacteria.Bdellovibrionota,52.23099999999977
GCA.001798265.1.Bacteria.Bdellovibrionota.E,52.23099999999977
GCA.001797335.1.Bacteria.Bdellovibrionota.E,52.22490000000016
2599.71_2229.09,2472.3979
2486.04_2077.46,2342.8239
GCA.002715375.1.Bacteria.Bdellovibrionota,52.22389999999996
GCA.002321895.1.Bacteria.Bdellovibrionota,52.22389999999996
GCA.001769805.1.Bacteria.Bdellovibrionota,52.22789999999986
None,2864.0937000000004
2816.13_2499.43,2716.0587
2592.48_2184.85,2451.5967
GCA.003230795.1.Bacteria.Bdellovibrionota.C,52.226700000000164
GCA.002343185.1.Bacteria.Bdellovibrionota.C,52.226700000000164
2661.77_2315.41,2545.3687
GCA.002311335.1.Bacteria.Desulfobacterota.B,52.22869999999966
2549.94_2186.41,2424.8747000000003
GCA.002238415.1.Bacteria.Desulfobacterota.B,52.22469999999976
2422.94_2036.81,2288.5927
2237.3_1792.88,2078.9107000000004
GCA.002898795.1.Bacteria.Desulfobacterota.B,52.23070000000007
GCA.002050235.1.Bacteria.Desulfobacterota.B,52.23070000000007
2343.87_1929.13,2196.6651
GCA.003161515.1.Bacteria.Desulfobacterota.B,52.22509999999966
GCA.001798565.1.Bacteria.Desulfobacterota.B,52.22509999999966
2914.26_2610.61,2819.3102
2754.6_2403.08,2638.4012000000002
GCA.002328485.1.Bacteria.Desulfobacterota.G,52.23120000000017
GCA.001797815.1.Bacteria.RBG.13.61.14,52.23120000000017
2807.06_2495.35,2708.4622
2736.71_2354.89,2610.4595
GCA.003247575.1.Bacteria.Myxococcota.A,52.22950000000037
GCA.002731275.1.Bacteria.Myxococcota,52.22950000000037
2756.33_2442.35,2653.7871000000005
2727.21_2409.33,2625.2536
2633.61_2303.78,2524.7666
2544.35_2198.69,2426.0197
2393.11_2012.56,2260.1247
GCA.002841945.1.Bacteria.Myxococcota,52.22469999999976
GCA.002789955.1.Bacteria.Myxococcota,52.22469999999976
2464.68_2098.01,2335.5665
GCA.002863065.1.Bacteria.Myxococcota,52.22649999999976
2333.61_1934.43,2192.6565
GCA.002728755.1.Bacteria.Myxococcota,52.22650000000067
GCA.002726535.1.Bacteria.Myxococcota,52.22650000000067
2275.98_1839.9,2120.2166
GCA.002724675.1.Bacteria.Myxococcota.A,52.22659999999996
GCA.002707085.1.Bacteria.Myxococcota.A,52.22659999999996
2568.84_2227.78,2454.7786000000006
GCA.002699025.1.Bacteria.Myxococcota,52.22860000000037
2488.25_2139.58,2370.0812000000005
2359.5_1962.17,2221.1012000000005
GCF.000737335.2.Bacteria.Proteobacteria,52.23120000000017
GCA.002841825.1.Bacteria.Myxococcota,52.23120000000017
2375.3_1996.22,2244.4642000000003
GCA.002747355.1.Bacteria.Myxococcota,52.224200000000565
2142.21_1687.75,1979.4662000000003
GCA.003170275.1.Bacteria.Myxococcota,52.22620000000006
GCA.002344285.1.Bacteria.Myxococcota,52.22620000000006
2649.83_2322.22,2543.5401
2611.91_2274.06,2498.2658
2461.92_2074.49,2327.3268000000003
GCA.002721815.1.Bacteria.Myxococcota,52.22680000000037
GCA.002696345.1.Bacteria.Myxococcota,52.22680000000037
GCA.001798605.1.Bacteria.Myxococcota,52.22580000000016
2468.96_2084.7,2337.0731
GCA.002309015.1.Bacteria.Myxococcota,52.22310000000016
GCA.001768075.1.Bacteria.Myxococcota,52.22310000000016
2977.09_2678.86,2884.6032
2894.15_2582.14,2796.3213
2872.64_2554.27,2773.3149000000003
2725.16_2357.64,2603.3629
GCF.001611275.1.Bacteria.Desulfobacterota,52.222900000000664
GCA.002327765.1.Bacteria.Desulfobacterota.E,52.222900000000664
2688.39_2293.48,2552.1469
GCF.000266945.1.Bacteria.Desulfobacterota,52.22689999999966
GCA.001896555.1.Bacteria.Desulfobacterota,52.22689999999966
2761.44_2391.31,2636.5653
GCA.003232385.1.Bacteria.SZUA.79,52.22530000000006
GCA.001797415.1.Bacteria.Desulfobacterota,52.22530000000006
2881.55_2572.88,2785.2073
2762.98_2431.13,2656.5733
2699.69_2331.13,2574.81
GCA.002010915.1.Bacteria.Desulfobacterota,52.22999999999956
GCA.001830835.1.Bacteria.Desulfobacterota,52.22999999999956
2561.03_2175.63,2430.1103000000003
GCA.002782605.1.Bacteria.Desulfobacterota,52.23030000000017
2474.98_2056.95,2331.9936000000002
GCA.002327985.1.Bacteria.Desulfobacterota,52.22360000000026
GCA.001304105.1.Bacteria.Desulfobacterota,52.22360000000026
2733.26_2408.59,2626.3943
2671.83_2334.09,2559.8140999999996
2546.99_2168.72,2414.4730999999997
2320.01_1870.84,2157.8630999999996
GCA.003194485.1.Bacteria.Desulfobacterota,52.22309999999925
GCA.002877985.1.Bacteria.Desulfobacterota,52.22309999999925
GCA.002347095.1.Bacteria.Desulfobacterota,52.22309999999925
2555.16_2193.89,2435.5231
2382.24_1962.87,2237.1461
GCA.007244385.1.Bacteria.Desulfobacterota,52.22609999999986
GCA.002899795.1.Bacteria.Desulfobacterota,52.22609999999986
GCA.002011835.1.Bacteria.Desulfobacterota,52.22309999999925
2660.72_2319.98,2545.2327
2589.76_2222.43,2464.7102
GCF.000620765.1.Bacteria.Desulfobacterota.I,52.23019999999997
GCA.001797675.1.Bacteria.Desulfobacterota,52.23019999999997
2585.68_2232.86,2464.1843
2408.81_1996.97,2261.2983
GCF.000195295.1.Bacteria.Desulfobacterota,52.22829999999976
GCA.001577715.1.Bacteria.Desulfobacterota,52.22829999999976
2320.43_1894.28,2168.5673
GCA.001751085.1.Bacteria.Desulfobacterota,52.22730000000047
GCA.000961655.1.Bacteria.Desulfobacterota,52.22730000000047
3068.25_2758.17,2973.7135
2832.73_2416.37,2693.1155
GCA.001873295.1.Bacteria.CG2.30.70.394,52.225500000000466
GCA.001873285.1.Bacteria.CG2.30.53.67,52.225500000000466
2862.76_2473.5,2737.7255
GCA.002897695.1.Bacteria.BMS3Abin14,52.225500000000466
GCA.000739515.1.Bacteria.Moduliflexota,52.225500000000466
3339.4_3047.31,3252.4315
3259.48_2963.1,3171.7178000000004
2780.82_2327.05,2624.8578
GCA.001577135.1.Bacteria.Cloacimonadota,52.22780000000057
GCA.001412425.1.Bacteria.Cloacimonadota,52.22780000000057
3226.79_2923.63,3134.1400000000003
GCA.001774505.1.Bacteria.RBG.13.66.14,52.23000000000047
3102.42_2784.5,3001.717
3042.26_2700.16,2930.6848
GCA.002441125.1.Bacteria.WOR.3,52.22479999999996
2716.32_2267.77,2560.3198
GCA.002366635.1.Bacteria.WOR.3,52.22980000000007
GCA.001771735.1.Bacteria.WOR.3,52.22980000000007
3028.8_2689.64,2920.5076
2968.85_2609.18,2847.3173
2841.11_2439.92,2705.5483000000004
GCA.002366725.1.Bacteria.WOR.3,52.22829999999976
GCA.002256535.1.Bacteria.WOR.3,52.22829999999976
GCA.002215665.1.Bacteria.WOR.3,52.22730000000047
GCA.001412365.1.Bacteria.WOR.3,52.227600000000166
3238.13_2946.68,3151.4705000000004
3155.32_2851.79,3062.8437000000004
2945.47_2579.17,2820.7087
2682.06_2162.46,2493.6057
GCA.003221825.1.Bacteria.Gemmatimonadota,52.22569999999996
GCA.002348465.1.Bacteria.Gemmatimonadota,52.22569999999996
GCA.001780825.1.Bacteria.Gemmatimonadota,52.22869999999966
2794.79_2407.16,2662.7247
GCA.001789205.1.Bacteria.Fibrobacterota,52.22470000000067
2733.33_2334.58,2596.3251
2547.45_2101.59,2389.1391000000003
2371.39_1857.94,2179.1791000000003
GCA.003455335.1.Bacteria.Fibrobacterota,52.22910000000047
GCA.002449765.1.Bacteria.Fibrobacterota,52.22910000000047
GCA.002414805.1.Bacteria.Fibrobacterota,52.22910000000047
GCA.001045525.1.Bacteria.Fibrobacterota,52.225100000000566
3202.8_2909.97,3114.7136
3117.96_2822.82,3027.3089
2995.92_2695.14,2900.4939
2892.99_2556.87,2783.8219
GCA.003477045.1.Bacteria.Delongbacteria,52.23189999999977
2659.64_2251.72,2517.7538999999997
GCA.002898195.1.Bacteria.AABM5.125.24,52.22389999999996
GCA.002127415.1.Bacteria.AABM5.125.24,52.22389999999996
2941.79_2638.32,2846.2592999999997
2895.96_2590.05,2797.7246
2614.44_2266.12,2495.8746
2495.43_2114.16,2362.5116
2308.24_1855.35,2146.1056
GCA.002724735.1.Bacteria.Marinisomatota,52.22559999999976
GCA.002712165.1.Bacteria.Proteobacteria,52.22559999999976
GCA.002347855.1.Bacteria.Marinisomatota,52.23160000000007
2428.56_2028.66,2289.8686000000002
GCA.002452555.1.Bacteria.Marinisomatota,52.22860000000037
GCA.001872685.1.Bacteria.Marinisomatota,52.22860000000037
2781.49_2457.91,2675.8736
2566.06_2206.3,2444.0456
GCF.000013045.1.Bacteria.Bacteroidota,52.22559999999976
2298.82_1889.49,2154.5396
GCA.003167015.1.Bacteria.Bacteroidota,52.22960000000057
2109.26_1677.22,1955.8346000000001
1989.55_1528.63,1820.4656
GCF.001280305.1.Bacteria.Bacteroidota,52.22559999999976
GCA.001769655.1.Bacteria.Bacteroidota,52.22559999999976
1974.3_1526.71,1811.5536000000002
GCA.002483345.1.Bacteria.Bacteroidota,52.22360000000026
1840.42_1379.28,1673.4826000000003
GCF.900116225.1.Bacteria.Bacteroidota,52.232600000000275
1676.49_1190.48,1496.7266000000004
GCA.002455375.1.Bacteria.Bacteroidota,52.22659999999996
1496.26_999.625,1306.3776000000003
GCF.900489485.1.Bacteria.Bacteroidota,52.227600000000166
GCA.001769385.1.Bacteria.Bacteroidota,52.227600000000166
None,2507.5886
GCF.001535965.1.Bacteria.Bacteroidota,52.22859999999946
2531.68_2189.36,2419.3705999999997
GCA.003158365.1.Bacteria.Bacteroidota,52.23059999999987
2437.09_2087.46,2320.6150999999995
2180.25_1751.72,2029.0290999999997
GCA.003158475.1.Bacteria.Bacteroidota,52.22909999999956
GCA.002779395.1.Bacteria.Bacteroidota,52.22909999999956
2367.29_1996.28,2239.2928999999995
GCA.002763895.1.Bacteria.Bacteroidota,52.23289999999906
2272.37_1872.84,2135.6878999999994
GCA.003151215.1.Bacteria.Bacteroidota,52.22789999999986
2073.5_1607.31,1905.2368999999994
GCA.002898675.1.Bacteria.Bacteroidota,52.22689999999966
GCA.001567195.1.Bacteria.Bacteroidota,52.22689999999966
2831.41_2508.15,2726.3113
2652.49_2291.64,2531.5863
2408.55_1968.73,2252.2233
GCA.002327255.1.Bacteria.KSB1,52.223299999999654
GCA.002085355.1.Bacteria.KSB1,52.223299999999654
GCA.002011685.1.Bacteria.JdFR.76,52.226300000000265
2744.85_2390.53,2624.1872999999996
2525.04_2102.81,2379.8552999999997
GCF.001886815.1.Bacteria.Calditrichota,52.22530000000006
GCA.002049825.1.Bacteria.Calditrichota,52.22530000000006
GCA.001304035.1.Bacteria.SM23.31,52.22729999999956
3025.53_2709.92,2923.3019
2605.39_2153.88,2444.4559
GCA.002428525.1.Bacteria.UBP14,52.225899999999456
GCA.002085385.1.Bacteria.UBP14,52.225899999999456
2816.04_2452.65,2694.8599
GCA.003105265.1.Bacteria.Zixibacteria,52.22990000000027
2680.46_2288.47,2545.9779
2532.44_2110.03,2387.4829
2391.17_1917.61,2223.1389
GCA.002791595.1.Bacteria.Zixibacteria,52.22890000000007
GCA.001775395.1.Bacteria.Zixibacteria,52.22890000000007
GCA.001302725.1.Bacteria.Zixibacteria,52.23289999999997
GCA.000447245.1.Bacteria.Zixibacteria,52.22789999999986
3144.77_2848.8,3054.9128
3046.3_2732.66,2947.6548000000003
2957.96_2604.95,2840.3858
GCA.002414865.1.Bacteria.Fermentibacterota,52.22580000000016
2795.8_2390.54,2659.3468000000003
GCA.002790835.1.Bacteria.Krumholzibacteriota,52.22680000000037
GCA.002403295.1.Bacteria.Krumholzibacteriota,52.22680000000037
2864.65_2504.81,2746.5198
GCA.002686915.1.Bacteria.ARS69,52.22980000000007
2521.79_2036.65,2352.1158
GCA.003235575.1.Bacteria.Eisenbacteria,52.22580000000016
GCA.001780165.1.Bacteria.Eisenbacteria,52.22580000000016
3083.7_2776.47,2986.9339
GCA.002686955.1.Bacteria.Gemmatimonadota.A,52.22389999999996
3021.45_2710.66,2923.1629000000003
2890.28_2521.2,2770.5339000000004
GCA.002084765.1.Bacteria.4572.55,52.22389999999996
GCA.001304015.1.Bacteria.TA06.A,52.22389999999996
3000.65_2685.09,2899.2704000000003
2790.7_2380.34,2650.6154
GCA.001777915.1.Bacteria.Edwardsbacteria,52.22540000000026
GCA.001303705.1.Bacteria.TA06,52.22540000000026
2800.05_2439.13,2680.9744
2556.02_2098.74,2396.8064
GCA.002727195.1.Bacteria.Latescibacterota,52.22639999999956
GCA.002693325.1.Bacteria.Latescibacterota,52.22639999999956
2702.33_2306.29,2566.9804000000004
GCA.002049985.1.Bacteria.Latescibacterota,52.23040000000037
2625.74_2197.97,2477.8147
GCA.002059205.1.Bacteria.Latescibacterota,52.22469999999976
GCA.000403035.1.Bacteria.Latescibacterota,52.22469999999976
3481.64_3188.98,3397.1535
3349.14_3002.77,3238.3244999999997
3134.24_2609.57,2943.7435
GCA.003174035.1.Bacteria.Dependentiae,52.22350000000006
GCA.002501535.1.Bacteria.UBP7,52.22350000000006
2895.06_2431.3,2740.8185
GCF.000160475.1.Bacteria.Fusobacteriota,52.22849999999926
GCA.002313635.1.Bacteria.Fusobacteriota,52.22849999999926
3404.95_3110.14,3320.2376
3067.3_2681.87,2939.3926
GCF.000233775.1.Bacteria.Synergistota,52.22260000000006
GCA.001443005.1.Bacteria.Synergistota,52.22260000000006
3351.29_3049.2,3263.3741
3261.47_2951.05,3167.7619
3154.85_2820.17,3047.7859
2612.68_2112.18,2431.6229
2368.61_1794.17,2156.7749
GCF.000021285.1.Bacteria.Thermotogota,52.22489999999925
GCA.003538775.1.Bacteria.Thermotogota,52.22489999999925
GCA.002878315.1.Bacteria.Thermotogota,52.222899999999754
3006.51_2630.89,2877.1119
GCA.002878375.1.Bacteria.Dictyoglomota,52.22190000000046
2777.02_2341.91,2622.5159
GCF.000378005.1.Bacteria.Coprothermobacterota,52.225899999999456
2621.46_2133.69,2442.9399
GCA.002877955.1.Bacteria.Caldisericota,52.22990000000027
GCA.002428295.1.Bacteria.Caldisericota,52.22990000000027
3182.06_2848.35,3075.9764999999998
3036.76_2685.48,2923.3135
GCF.001547735.1.Bacteria.Thermosulfidibacterota,52.22350000000006
2850.84_2454.82,2716.6525
GCF.000421485.1.Bacteria.Aquificota,52.222499999999854
2693.96_2256.65,2539.0065
2334.5_1807.17,2145.8815
GCF.900142435.1.Bacteria.Aquificota,52.23149999999987
GCF.000021565.1.Bacteria.Aquificota,52.23149999999987
GCA.002898315.1.Bacteria.Calescibacterota,52.22649999999976
GCA.002011615.1.Bacteria.WOR.3,52.22649999999976
3225.98_2878.08,3113.2120999999997
2463.66_1934.99,2277.1101
GCA.002010365.1.Bacteria.Bipolaricaulota,52.230099999999766
2196.66_1588.89,1973.4991
GCA.003535305.1.Bacteria.Bipolaricaulota,52.22910000000047
GCA.001778455.1.Bacteria.Bipolaricaulota,52.22910000000047
GCA.000353875.1.Bacteria.Atribacterota,52.23210000000017
3554.71_3267.28,3475.2024
3482.84_3195.34,3404.1455
3366.34_3077.38,3283.2084999999997
3303.17_2999.39,3214.3658
3187.31_2833.58,3071.9198
GCA.900313515.1.Bacteria.Eremiobacterota,52.22980000000007
2544.35_1951.61,2332.5398
GCA.003244105.1.Bacteria.Eremiobacterota,52.22980000000007
GCA.003167155.1.Bacteria.Eremiobacterota,52.22980000000007
GCA.002410925.1.Bacteria.UBP13,52.22580000000016
3292.49_2990.45,3201.4066000000003
GCA.002898935.1.Bacteria.CSP1.3,52.22659999999996
3239.82_2937.07,3149.4313
3042.64_2690.84,2928.6953
2796.46_2369.46,2652.1583
GCA.002898895.1.Bacteria.Armatimonadota,52.22829999999976
2575.42_2079.59,2394.9822999999997
2480.29_1961.31,2293.4383
GCF.000427095.1.Bacteria.Armatimonadota,52.22829999999976
GCA.003134215.1.Bacteria.Armatimonadota,52.22829999999976
GCA.002431715.1.Bacteria.Armatimonadota,52.22229999999945
2834.39_2351.83,2669.5153
GCA.002898555.1.Bacteria.Armatimonadota,52.22530000000006
GCA.002352215.1.Bacteria.Armatimonadota,52.22530000000006
3147.54_2819.48,3045.0933
2951.68_2540.84,2814.6843
GCA.002898575.1.Bacteria.Armatimonadota,52.22429999999986
GCA.002435745.1.Bacteria.UBP15,52.22429999999986
3050.26_2700.3,2939.7433
2761.53_2296.96,2603.0853
GCF.002973605.1.Bacteria.Armatimonadota,52.22530000000006
GCA.002779825.1.Bacteria.Armatimonadota,52.22530000000006
2940.69_2539.4,2809.5503
GCA.002409445.1.Bacteria.Armatimonadota,52.23030000000017
2796.13_2343.92,2643.1693
GCA.003542955.1.Bacteria.Armatimonadota,52.22929999999997
GCA.002305165.1.Bacteria.Armatimonadota,52.22929999999997
3427.25_3141.34,3348.5573999999997
3255.47_2963.56,3170.3794
GCA.002779205.1.Bacteria.Actinobacteriota,52.22940000000017
3215.81_2921.95,3131.286
2922.33_2540.67,2797.201
GCA.002366545.1.Bacteria.Actinobacteriota,52.23099999999977
GCA.001871795.1.Bacteria.Actinobacteriota,52.23099999999977
3152.18_2853.27,3065.076
2887.94_2494.2,2756.4399999999996
GCA.003157385.1.Bacteria.Actinobacteriota,52.22999999999956
GCA.001768645.1.Bacteria.Actinobacteriota,52.22999999999956
3065.51_2762.13,2974.9348
2854.89_2527.63,2751.3758
2644.12_2273.83,2518.3347999999996
2519.3_2120.15,2383.0508
2245.24_1771.91,2079.2548
GCA.003140175.1.Bacteria.Actinobacteriota,52.22479999999996
2067.33_1522.82,1870.0198
GCA.003162395.1.Bacteria.Actinobacteriota,52.22980000000007
GCA.002722565.1.Bacteria.Actinobacteriota,52.22980000000007
GCA.002352645.1.Bacteria.Actinobacteriota,52.23079999999936
GCA.001767695.1.Bacteria.Actinobacteriota,52.22479999999996
2798.58_2464.55,2691.0163
2528.83_2128.67,2392.2052999999996
GCF.000969705.1.Bacteria.Actinobacteriota,52.22530000000006
GCA.003021615.1.Bacteria.Actinobacteriota,52.22530000000006
2682.48_2324.8,2560.6123
GCA.002413185.1.Bacteria.Actinobacteriota,52.23229999999967
2191.81_1791.84,2052.9712999999997
GCF.004348535.1.Bacteria.Actinobacteriota,52.231299999999464
2058.77_1622.96,1909.9172999999996
None,1776.7332999999994
GCF.003443735.1.Bacteria.Actinobacteriota,52.223299999999654
1624.69_1089.03,1435.8812999999996
GCF.003047285.1.Bacteria.Actinobacteriota,52.231299999999464
GCF.001591405.1.Bacteria.Actinobacteria,52.231299999999464
1917.35_1464.29,1757.5592999999994
1761.58_1280.38,1590.0712999999996
1639.35_1133.86,1460.6222999999995
GCF.900106035.1.Bacteria.Actinobacteriota,52.23229999999967
GCF.001942305.1.Bacteria.Actinobacteriota,52.23229999999967
GCF.000015025.1.Bacteria.Actinobacteriota,52.231299999999464
1730.27_1245.8,1556.7542999999996
GCF.000384115.1.Bacteria.Actinobacteriota,52.22429999999986
GCA.001437855.1.Bacteria.Actinobacteriota,52.22429999999986
2994.12_2678.64,2894.1840999999995
2773.12_2402.46,2647.4680999999996
GCF.001029505.1.Bacteria.Actinobacteriota,52.22810000000027
2575.79_2177.12,2438.2550999999994
2420.07_1969.91,2258.5610999999994
GCA.002897715.1.Bacteria.Actinobacteriota,52.23109999999906
GCA.001768675.1.Bacteria.Actinobacteriota,52.23109999999906
2458.12_2025.55,2303.6940999999997
GCA.002347645.1.Bacteria.Actinobacteriota,52.22409999999945
2300.55_1809.84,2119.7070999999996
GCA.003138355.1.Bacteria.Actinobacteriota,52.227100000000064
GCA.001464275.1.Bacteria.Actinobacteriota,52.227100000000064
2668.97_2245.24,2517.5720999999994
GCA.002347365.1.Bacteria.Actinobacteriota,52.232099999999264
GCA.000434775.1.Bacteria.Actinobacteriota,52.232099999999264
3276.23_2989.91,3196.1823999999997
3161.44_2866.32,3074.0303999999996
None,2915.5764
2804.32_2322.54,2639.0784
GCA.002408345.1.Bacteria.Firmicutes.G,52.228399999999965
GCA.002399235.1.Bacteria.Firmicutes.G,52.228399999999965
2871.78_2485.57,2744.5724
GCA.002159155.1.Bacteria.Firmicutes.G,52.22240000000056
2693.94_2233.91,2532.5514000000003
2532.1_1995.11,2343.4284000000002
GCA.002396805.1.Bacteria.Firmicutes.G,52.228399999999965
GCA.001513495.1.Bacteria.Firmicutes.G,52.228399999999965
GCA.001513395.1.Bacteria.Firmicutes.G,52.23139999999967
3079.2_2768.3,2983.1777
2958.81_2587.16,2837.0347
GCA.002426645.1.Bacteria.Firmicutes.G,52.22469999999976
2635.9_2102.16,2450.5157
GCA.002409975.1.Bacteria.Firmicutes.G,52.22569999999996
GCA.002399265.1.Bacteria.Firmicutes.G,52.22569999999996
2886.59_2489.71,2756.1947
GCA.002452295.1.Bacteria.Firmicutes.G,52.22470000000067
2781.03_2309.66,2620.8637
GCA.900016865.1.Bacteria.Firmicutes.G,52.22370000000046
GCA.001513145.1.Bacteria.Firmicutes.G,52.22370000000046
3212.43_2928.77,3131.8358
3097.7_2796.61,3010.6058
2764.74_2335.36,2622.0208
GCF.000020005.1.Bacteria.Firmicutes.D,52.23079999999936
2340.81_1720.36,2122.6587999999997
GCF.000328625.1.Bacteria.Firmicutes.F,52.228799999999865
GCA.003070825.1.Bacteria.Firmicutes.F,52.228799999999865
GCA.001513125.1.Bacteria.DTU030,52.22580000000016
3169.39_2885.77,3088.9406
2940.94_2629.03,2842.4506
2673.77_2220.45,2517.9696
GCA.002375925.1.Bacteria.Firmicutes.E,52.22960000000057
GCA.002375895.1.Bacteria.Firmicutes.E,52.22960000000057
2852.16_2514.26,2742.84
2761.84_2385.01,2633.18
GCA.003023725.1.Bacteria.Firmicutes.E,52.22999999999956
2618.59_2196.66,2470.495
GCA.003242675.1.Bacteria.Firmicutes.E,52.225000000000364
2529.25_2066.16,2359.0559999999996
GCA.003242195.1.Bacteria.Firmicutes.E,52.22599999999966
GCA.002385465.1.Bacteria.Firmicutes.E,52.22599999999966
2690.97_2312.46,2562.46
GCA.002376005.1.Bacteria.Firmicutes.E,52.22999999999956
2516.49_2081.94,2364.802
GCA.003599345.1.Bacteria.Firmicutes.E,52.22199999999975
2298.21_1781.4,2109.731
GCA.003449495.1.Bacteria.Firmicutes.E,52.23099999999977
GCA.002291985.1.Bacteria.Firmicutes.E,52.23099999999977
3082.24_2799.87,3001.7147
2951.21_2654.58,2862.5416999999998
2730.4_2367.72,2612.0157
GCF.900142995.1.Bacteria.Firmicutes.A,52.22569999999996
GCA.002376045.1.Bacteria.Firmicutes.A,52.22569999999996
2811.6_2505.66,2720.5816999999997
GCF.000166335.1.Bacteria.Firmicutes.A,52.231700000000274
2704.85_2391.54,2609.9166999999998
2493.93_2122.98,2369.1817
GCF.000213255.1.Bacteria.Firmicutes.A,52.231700000000274
None,2177.7647
GCF.900129115.1.Bacteria.Firmicutes.A,52.22470000000067
GCA.002399285.1.Bacteria.Firmicutes.A,52.22470000000067
2509.82_2183.17,2409.0707
2463.94_2127.74,2357.5936
2369.36_2011.24,2252.0486
GCF.900142265.1.Bacteria.Firmicutes.A,52.22860000000037
2235.45_1844.84,2102.9166
GCF.900107485.1.Bacteria.Firmicutes.A,52.22659999999996
2105.5_1653.55,1949.0636
GCA.900066305.1.Bacteria.Firmicutes.A,52.23359999999957
GCA.002478485.1.Bacteria.Firmicutes.A,52.23359999999957
2279.66_1911.07,2154.2976
GCA.003527145.1.Bacteria.Firmicutes.A,52.227600000000166
2148.79_1664.41,1975.3635999999997
GCF.900104115.1.Bacteria.Firmicutes.A,52.22359999999935
GCA.002297185.1.Bacteria.Firmicutes.A,52.22359999999935
2375.75_2026.3,2262.0547
2150.5_1736.08,2004.7177000000001
GCA.900317035.1.Bacteria.Firmicutes.A,52.22770000000037
1935.53_1458.08,1757.8727000000003
GCA.002308775.1.Bacteria.Firmicutes.A,52.23270000000048
GCA.002307275.1.Bacteria.Firmicutes.A,52.23270000000048
2236.36_1867.24,2113.4137
GCF.002252565.1.Bacteria.Firmicutes.A,52.23370000000068
2051.67_1590.06,1884.8166999999999
GCA.002293295.1.Bacteria.Firmicutes.A,52.226700000000164
GCA.001916065.1.Bacteria.Firmicutes.A,52.226700000000164
3045.04_2759.27,2961.9439
2972.74_2684.68,2888.6201
2795.95_2475.27,2695.0441
GCA.002345475.1.Bacteria.Firmicutes.H,52.22409999999945
2392.63_2022.82,2270.4441
GCA.002411145.1.Bacteria.Firmicutes.C,52.22410000000036
2175.83_1755.34,2027.7561
2085.73_1651.63,1928.7115
1876.63_1407.86,1707.0605
GCF.002257705.1.Bacteria.Firmicutes.C,52.230499999999665
1709.78_1173.34,1515.5495
GCF.900104455.1.Bacteria.Firmicutes.C,52.22950000000037
GCF.000430605.1.Bacteria.Firmicutes.C,52.22950000000037
1830.37_1322.78,1638.5895
GCF.001553315.1.Bacteria.Firmicutes.C,52.22950000000037
GCF.000425045.1.Bacteria.Firmicutes.C,52.22950000000037
GCA.002329525.1.Bacteria.Firmicutes.C,52.22609999999986
2868.22_2570.23,2777.6431000000002
2569.61_2172.15,2439.3911
GCF.001950325.1.Bacteria.Firmicutes.B,52.23109999999997
GCF.000024605.1.Bacteria.Firmicutes.B,52.23109999999997
2756.95_2451.82,2661.3001
2602.22_2239.08,2480.8891
GCA.002329495.1.Bacteria.Firmicutes.B,52.22910000000047
2486.05_2074.24,2346.3480999999997
GCF.900176005.1.Bacteria.Firmicutes.B,52.22810000000027
GCA.001513545.1.Bacteria.Firmicutes.B,52.22810000000027
2694.52_2377.99,2594.946
2550.36_2205.13,2438.203
2311.51_1868.85,2157.898
GCF.000620305.1.Bacteria.Firmicutes.B,52.228000000000065
GCA.002418765.1.Bacteria.Firmicutes.B,52.228000000000065
2389.69_2003.07,2259.776
2240.7_1784.14,2078.527
GCF.002207765.1.Bacteria.Firmicutes.B,52.22699999999986
1975.42_1420.42,1763.5480000000002
GCA.002352935.1.Bacteria.Firmicutes.B,52.228000000000065
GCA.001508005.1.Bacteria.Firmicutes.B,52.228000000000065
GCA.000987045.1.Bacteria.Firmicutes.B,52.22599999999966
2641.49_2315.11,2535.9079
2562.17_2215.14,2445.8868
GCF.900100785.1.Bacteria.Firmicutes.B,52.22680000000037
2488.59_2121.99,2363.7286
2278.56_1838.17,2127.4456
GCF.002607855.1.Bacteria.Firmicutes.B,52.22559999999976
GCF.000019165.1.Bacteria.Firmicutes.B,52.22559999999976
2035.34_1522.23,1844.3706000000002
1858.57_1303.4,1648.5746000000004
GCF.002224645.1.Bacteria.Firmicutes.B,52.224600000000464
GCA.002482535.1.Bacteria.Firmicutes.B,52.224600000000464
GCA.002398485.1.Bacteria.Firmicutes.B,52.23059999999987
2414.01_2004.94,2272.2589
GCA.001512665.1.Bacteria.Firmicutes.B,52.22890000000007
GCA.000961765.1.Bacteria.Firmicutes.B,52.22890000000007
2939.61_2649.94,2853.8419
2602.06_2230.17,2478.7189
GCA.003444595.1.Bacteria.Firmicutes.D,52.22890000000007
GCA.002385745.1.Bacteria.Firmicutes.D,52.22890000000007
None,2791.9278999999997
2627.39_2287.83,2519.2349
GCF.900111575.1.Bacteria.Firmicutes.D,52.22489999999925
GCA.002423965.1.Bacteria.Firmicutes.D,52.22489999999925
2606.71_2304.92,2511.3529
2295.35_1928.18,2171.4599
GCF.002335525.1.Bacteria.Firmicutes,52.22990000000027
2086.82_1578.03,1913.9368999999997
GCF.001399675.1.Bacteria.Firmicutes,52.22689999999966
GCF.000092905.1.Bacteria.Firmicutes,52.22689999999966
2525.62_2216.54,2424.9732
2272.57_1883.81,2138.4082
GCF.001653195.1.Bacteria.Firmicutes,52.22819999999956
GCF.001311905.1.Bacteria.Firmicutes,52.22819999999956
2446.92_2138.17,2344.7448
2234.39_1876.15,2110.2768
GCF.000218765.1.Bacteria.Firmicutes,52.22680000000037
GCA.002159075.1.Bacteria.Firmicutes,52.22680000000037
2360.66_2049.65,2257.3772
2297.16_1971.86,2188.8956
2058.3_1646.78,1919.1825999999996
GCF.900099895.1.Bacteria.Firmicutes,52.232599999999366
GCF.001561915.1.Bacteria.Firmicutes,52.232599999999366
2159.85_1779.18,2030.1906
GCF.001742305.1.Bacteria.Firmicutes,52.23059999999987
GCF.000942395.1.Bacteria.Firmicutes,52.23059999999987
2280.16_1959.97,2173.0976
GCF.001049895.1.Bacteria.Firmicutes,52.227600000000166
2221.1_1900.68,2112.1919000000003
2026.05_1664.37,1905.8389000000002
GCF.004522215.1.Bacteria.Firmicutes,52.22890000000007
GCF.000503775.1.Bacteria.Firmicutes,52.22890000000007
1953.46_1625.65,1840.6909000000005
GCF.001908175.1.Bacteria.Firmicutes,52.230900000000474
1837.14_1510.66,1722.8399000000004
GCF.001618145.1.Bacteria.Firmicutes,52.22990000000027
1710.72_1388.77,1598.2809000000002
1572.18_1232.59,1452.4259000000002
GCF.002902625.1.Bacteria.Firmicutes,52.225900000000365
GCF.000440555.1.Bacteria.Firmicutes,52.225900000000365
1518.32_1200.91,1404.5549
GCF.000178255.1.Bacteria.Firmicutes,52.22490000000016
1363.32_1051.87,1250.7459
1276.52_970.09,1167.2257999999997
1147.82_849.416,1041.2977999999998
GCF.000828855.1.Bacteria.Firmicutes,52.22679999999946
1100.71_807.229,998.5176999999999
GCF.000702165.1.Bacteria.Firmicutes,52.22769999999946
GCA.900320745.1.Bacteria.Firmicutes,52.22769999999946
GCA.000433675.1.Bacteria.Firmicutes,52.22580000000016
1227.88_924.236,1118.8698999999997
GCF.001189415.1.Bacteria.Firmicutes,52.22989999999936
1169.89_868.572,1062.4119999999998
GCA.003245625.1.Bacteria.Firmicutes,52.23199999999997
GCA.000431235.1.Bacteria.Firmicutes,52.23199999999997
3486.29_3206.96,3410.8902
3444.34_3165.88,3369.1103000000003
3320.39_3036.25,3239.7423
2773.68_2277.67,2602.8003
GCA.003244045.1.Bacteria.Dormibacterota,52.23030000000017
GCA.003151665.1.Bacteria.Dormibacterota,52.23030000000017
3209.37_2921.99,3126.9473
3055.74_2745.67,2957.8553
2935.39_2615.87,2831.5543
2782.72_2434.13,2664.1663
2619.19_2164.53,2451.4813000000004
GCA.002708145.1.Bacteria.Chloroflexota,52.231300000000374
GCA.002450835.1.Bacteria.Chloroflexota,52.231300000000374
2635.79_2277.67,2511.8203000000003
2597.86_2230.61,2468.6825
2524.09_2139.32,2386.804
GCA.003228115.1.Bacteria.Chloroflexota,52.22400000000016
GCA.002721445.1.Bacteria.Chloroflexota,52.22400000000016
2541.49_2160.32,2405.7152
GCA.002717565.1.Bacteria.Chloroflexota,52.22520000000077
2475.71_2077.09,2328.8712
GCA.002717925.1.Bacteria.Chloroflexota,52.23120000000017
GCA.002710215.1.Bacteria.Chloroflexota,52.23120000000017
2459.44_2041.56,2310.7283
GCA.002717805.1.Bacteria.Chloroflexota,52.22830000000067
GCA.002450515.1.Bacteria.Chloroflexota,52.22830000000067
2834.44_2495.62,2719.6273
GCF.001953175.1.Bacteria.Chloroflexota,52.22730000000047
2693.95_2337.12,2572.6093
GCA.003229915.1.Bacteria.Chloroflexota,52.22929999999997
2595.11_2223.28,2466.7693
2497.58_2110.95,2364.5233
GCA.003484395.1.Bacteria.Chloroflexota,52.223299999999654
2470.13_2075.43,2332.6383
2372.76_1953.53,2223.2383
GCA.002367275.1.Bacteria.Chloroflexota,52.22829999999976
GCA.002352365.1.Bacteria.Chloroflexota,52.22829999999976
GCA.002347295.1.Bacteria.Chloroflexota,52.22830000000067
GCA.002011475.1.Bacteria.Chloroflexota,52.22929999999997
2857.47_2414.64,2702.6713
GCA.002239025.1.Bacteria.Chloroflexota,52.231299999999464
GCA.001795235.1.Bacteria.Chloroflexota,52.231299999999464
3099.11_2798.66,3009.1723
2806.22_2460.96,2695.1043
2650.86_2283.67,2526.9623
2549.6_2167.76,2418.2443
GCF.001306175.1.Bacteria.Chloroflexota,52.22429999999986
2363.76_1954.87,2220.2772999999997
GCF.900187885.1.Bacteria.Chloroflexota,52.22729999999956
2210.66_1762.85,2047.5522999999998
GCA.002841995.1.Bacteria.Chloroflexota,52.22229999999945
2096.58_1622.11,1926.5902999999998
GCF.900066015.1.Bacteria.Chloroflexota,52.23030000000017
GCA.002702065.1.Bacteria.Chloroflexota,52.23030000000017
2498.38_2110.5,2367.1133
GCA.003130875.1.Bacteria.Chloroflexota,52.223299999999654
2354.92_1920.04,2203.0373
GCA.003451595.1.Bacteria.Chloroflexota,52.22730000000047
GCA.002366755.1.Bacteria.Chloroflexota,52.22730000000047
2752.52_2389.97,2631.0443999999998
2615.97_2212.38,2475.7074000000002
GCA.002400365.1.Bacteria.Chloroflexota,52.22739999999976
GCA.002366595.1.Bacteria.Chloroflexota,52.22739999999976
2468.84_1941.04,2275.6844
GCA.002423325.1.Bacteria.Chloroflexota,52.22440000000006
GCA.002348045.1.Bacteria.Chloroflexota,52.22440000000006
3039.71_2727.7,2943.5612
2918.34_2582.78,2813.0941999999995
2697.47_2255.12,2542.5822
GCF.003967555.1.Bacteria.Chloroflexota,52.22220000000016
GCA.002404055.1.Bacteria.Chloroflexota,52.22220000000016
2865.83_2510.72,2751.4232999999995
GCA.002436065.1.Bacteria.Chloroflexota,52.223299999999654
2666.93_2199.85,2501.8862999999997
GCA.002413265.1.Bacteria.Chloroflexota,52.226300000000265
GCA.002347925.1.Bacteria.Chloroflexota,52.226300000000265
2967.88_2641.84,2864.8783
2779.45_2412.28,2657.9512999999997
GCF.000025005.1.Bacteria.Chloroflexota,52.221300000000156
None,2535.4903
2590.38_2136.21,2430.4903
GCA.002440805.1.Bacteria.Chloroflexota,52.23029999999926
GCA.002292925.1.Bacteria.Chloroflexota,52.23029999999926
GCA.001898225.1.Bacteria.Chloroflexota,52.23029999999926
2324.44_1761.57,2125.7943
GCA.003243965.1.Bacteria.Chloroflexota,52.22429999999986
GCA.001443375.1.Bacteria.Chloroflexota,52.22429999999986
3281.68_2995.47,3201.1163
GCA.001873755.1.Bacteria.Patescibacteria,52.226300000000265
3139.54_2861.24,3062.3503
3050.79_2769.18,2972.181
2961.3_2666.93,2874.8862
2885.27_2581.45,2793.1357
2777.05_2430.54,2663.9807
GCA.002773985.1.Bacteria.Patescibacteria,52.23070000000007
GCA.001029795.1.Bacteria.Patescibacteria,52.23070000000007
None,2623.3997
2634.6_2266.05,2508.4647
GCA.002305395.1.Bacteria.Patescibacteria,52.22470000000067
GCA.001774395.1.Bacteria.Patescibacteria,52.22470000000067
2615.5_2245.22,2489.3187
GCA.002780235.1.Bacteria.Patescibacteria,52.22869999999966
GCA.001029735.1.Bacteria.Patescibacteria,52.22869999999966
2850.44_2547.61,2760.2462
GCA.002792735.1.Bacteria.Patescibacteria,52.22620000000006
2729.62_2408.51,2629.3772
2476.05_2076.22,2341.0052
GCA.002415345.1.Bacteria.Patescibacteria,52.22519999999986
GCA.001788565.1.Bacteria.Patescibacteria,52.22519999999986
2560.73_2185.79,2435.9442
GCA.002785325.1.Bacteria.Patescibacteria,52.224200000000565
GCA.000993275.1.Bacteria.Patescibacteria,52.224200000000565
3017.53_2735.83,2938.4896
2776.26_2466.69,2682.6396000000004
GCA.001773455.1.Bacteria.Patescibacteria,52.22960000000057
2684.53_2370.91,2589.9629000000004
2589.68_2248.15,2480.2269
GCA.002783265.1.Bacteria.Patescibacteria,52.22689999999966
2410.02_2022.38,2277.6159000000002
GCA.002791215.1.Bacteria.Patescibacteria,52.225900000000365
GCA.002335145.1.Bacteria.Patescibacteria,52.225900000000365
2541.69_2208.32,2436.1059000000005
2452.54_2088.23,2332.4569
GCA.003154375.1.Bacteria.Patescibacteria,52.22689999999966
2269.8_1817.1,2104.4519
GCA.002747745.1.Bacteria.Patescibacteria,52.23190000000068
GCA.002436205.1.Bacteria.Patescibacteria,52.23190000000068
2461.07_2099.66,2342.4511
GCA.002401425.1.Bacteria.Patescibacteria,52.23110000000088
GCA.000993595.1.Bacteria.Patescibacteria,52.23110000000088
2888.97_2603.47,2807.2466000000004
2835.1_2546.72,2750.6351000000004
GCA.001780035.1.Bacteria.Patescibacteria,52.225100000000566
2703.7_2408.22,2615.5261
GCA.001818435.1.Bacteria.Patescibacteria,52.22609999999986
2658.24_2360.28,2567.4422000000004
2436.42_2080.01,2316.8012000000003
GCA.001818155.1.Bacteria.Patescibacteria,52.23120000000017
GCA.000999025.1.Bacteria.Patescibacteria,52.23120000000017
2582.45_2282.75,2490.7027000000003
2506.93_2195.57,2410.0044000000003
GCA.001778235.1.Bacteria.Patescibacteria,52.22440000000006
2447.31_2128.8,2344.8837000000003
2361.25_2021.79,2250.9132000000004
2277.61_1915.06,2154.9425000000006
GCA.002774425.1.Bacteria.Patescibacteria,52.23250000000007
GCA.002688135.1.Bacteria.Patescibacteria,52.23250000000007
GCA.001782805.1.Bacteria.Patescibacteria,52.22320000000036
2373.44_2032.32,2259.5586000000003
GCA.002772895.1.Bacteria.Patescibacteria,52.22860000000037
GCA.001778095.1.Bacteria.Patescibacteria,52.22860000000037
2530.34_2226.04,2437.5762000000004
2345.39_1991.31,2224.3332
GCA.002784945.1.Bacteria.Patescibacteria,52.22320000000036
GCA.001818315.1.Bacteria.Patescibacteria,52.22320000000036
2498.71_2190.98,2402.8103
2403.46_2072.46,2296.1583
2307.99_1951.44,2187.9973
GCA.002793075.1.Bacteria.Patescibacteria,52.22730000000047
GCA.002402995.1.Bacteria.Patescibacteria,52.22730000000047
GCA.001817495.1.Bacteria.Patescibacteria,52.22830000000067
2431.32_2117.22,2332.8961
2291.67_1928.23,2167.4701
GCA.003056205.1.Bacteria.Patescibacteria,52.230100000000675
GCA.000998185.1.Bacteria.Patescibacteria,52.230100000000675
2299.53_1954.49,2184.4440999999997
GCA.001791325.1.Bacteria.Patescibacteria,52.22409999999945
2220.37_1837.24,2084.6393999999996
GCA.001791465.1.Bacteria.Patescibacteria,52.22939999999926
GCA.000995845.1.Bacteria.Patescibacteria,52.22939999999926
2813.34_2525.1,2730.9764000000005
2748.3_2436.14,2651.464
GCA.003534085.1.Bacteria.Patescibacteria,52.22400000000016
2709.4_2383.09,2605.2732
GCA.002792135.1.Bacteria.Patescibacteria,52.22320000000036
GCA.001817115.1.Bacteria.Patescibacteria,52.22320000000036
2697.5_2400.79,2609.6644000000006
2616.93_2295.71,2515.0289000000002
GCA.003021915.1.Bacteria.Patescibacteria,52.22890000000007
2521.79_2174.57,2406.7849000000006
GCA.001824325.1.Bacteria.Patescibacteria,52.22490000000016
GCA.001820055.1.Bacteria.Patescibacteria,52.22490000000016
2621.46_2320.56,2531.3878000000004
2550.11_2243.88,2456.1224
GCA.001773975.1.Bacteria.Patescibacteria,52.23240000000078
2493.55_2180.01,2397.0490000000004
2350.02_1988.49,2227.8990000000003
GCA.002772205.1.Bacteria.Patescibacteria,52.22900000000027
GCA.001774075.1.Bacteria.Patescibacteria,52.22900000000027
2349.37_2019.17,2244.5130000000004
GCA.000998135.1.Bacteria.Patescibacteria,52.222999999999956
2235.82_1888.43,2123.9260000000004
GCA.001819875.1.Bacteria.Patescibacteria,52.22600000000057
2106.9_1738.58,1985.8940000000002
2006.66_1601.41,1870.0
GCA.001778875.1.Bacteria.Patescibacteria,52.22999999999956
GCA.001778785.1.Bacteria.Patescibacteria,52.22999999999956
1897.49_1479.28,1748.3550000000005
GCA.002413065.1.Bacteria.Patescibacteria,52.225000000000364
GCA.000996035.1.Bacteria.Patescibacteria,52.225000000000364
2537.79_2228.67,2444.3859
GCA.001819495.1.Bacteria.Patescibacteria,52.225900000000365
2483.63_2166.82,2386.1562000000004
2367.02_2015.33,2253.1442
GCA.002785165.1.Bacteria.Patescibacteria,52.224200000000565
GCA.001795795.1.Bacteria.Patescibacteria,52.224200000000565
2349.58_1989.79,2229.3012000000003
GCA.000996085.1.Bacteria.Patescibacteria,52.23120000000017
GCA.000992445.2.Bacteria.Patescibacteria,52.23120000000017
3010.88_2723.77,2929.4463
2972.1_2681.43,2886.1992
2832.31_2510.15,2732.9582
GCA.002791435.1.Bacteria.Patescibacteria,52.22819999999956
GCA.002084955.1.Bacteria.Patescibacteria,52.22819999999956
2843.53_2542.26,2751.7002
GCA.001816655.1.Bacteria.Patescibacteria,52.23019999999997
2799.66_2494.67,2705.6859999999997
GCA.001775055.1.Bacteria.Patescibacteria,52.22599999999966
2704.91_2392.18,2606.6899999999996
2572.53_2225.88,2456.308
GCA.002304845.1.Bacteria.Patescibacteria,52.228000000000065
2464.69_2095.72,2337.899
GCA.002306345.1.Bacteria.Patescibacteria,52.22899999999936
GCA.001816385.1.Bacteria.Patescibacteria,52.22899999999936
2646.58_2322.84,2542.5923999999995
GCA.001777455.1.Bacteria.Patescibacteria,52.23239999999987
2567.24_2235.98,2458.4838
GCA.003545435.1.Bacteria.Patescibacteria,52.223799999999756
2468.8_2120.69,2351.4808
GCA.001782075.1.Bacteria.Patescibacteria,52.23079999999936
2339.93_1961.48,2210.9058
2180.48_1734.98,2019.2118
GCA.002050095.1.Bacteria.Patescibacteria,52.231799999999566
GCA.001788215.1.Bacteria.Patescibacteria,52.231799999999566
GCA.000999095.1.Bacteria.Patescibacteria,52.22580000000016
2956.12_2660.94,2867.0619
2679.1_2293.21,2547.0079
GCA.002419125.1.Bacteria.Patescibacteria,52.22789999999986
GCA.001567355.1.Bacteria.Patescibacteria,52.22789999999986
2869.76_2553.4,2770.8734000000004
GCA.001772805.1.Bacteria.Patescibacteria,52.223399999999856
2755.01_2429.51,2650.3724
GCA.002774225.1.Bacteria.Patescibacteria,52.23240000000078
2694.58_2353.94,2583.0978000000005
GCA.001772665.1.Bacteria.Patescibacteria,52.22780000000057
2601.33_2241.63,2479.9038
2481.32_2085.86,2344.8558000000003
GCA.002774285.1.Bacteria.Patescibacteria,52.22580000000016
GCA.002770755.1.Bacteria.Patescibacteria,52.22580000000016
GCA.000503835.1.Bacteria.Patescibacteria,52.223800000000665
3383.97_3112.16,3312.5005
3311.52_3027.19,3231.1621
3240.17_2917.64,3141.2501
GCF.000212395.1.Bacteria.Thermodesulfobiota,52.230099999999766
GCA.002050035.1.Bacteria.4484.113,52.230099999999766
3194.01_2898.46,3107.6731
2939.98_2580.44,2821.3521
2617.12_2122.9,2440.5281
GCA.002716725.1.Bacteria.Margulisbacteria,52.22810000000027
GCA.002433595.1.Bacteria.Margulisbacteria,52.22810000000027
2778.38_2360.07,2637.8541
GCA.003242895.1.Bacteria.Margulisbacteria,52.22409999999945
GCA.001783275.1.Bacteria.Margulisbacteria,52.22409999999945
2831.43_2420.65,2697.3061
GCA.001771505.1.Bacteria.Margulisbacteria,52.22609999999986
GCA.001771365.1.Bacteria.Margulisbacteria,52.22609999999986
3228.11_2974.62,3165.3385
2973.28_2680.39,2889.0365
2797.69_2413.36,2680.0415000000003
GCA.900313115.1.Bacteria.Cyanobacteria,52.23149999999987
GCA.003149375.1.Bacteria.Cyanobacteria,52.23149999999987
2823.95_2442.33,2707.2985
GCA.001784555.1.Bacteria.Cyanobacteria,52.22850000000017
GCA.001464165.1.Bacteria.Cyanobacteria,52.22850000000017
3161.79_2913.39,3101.3882000000003
2991.25_2710.98,2913.3692
GCA.003503675.1.Bacteria.Cyanobacteria,52.229199999999764
GCA.002783405.1.Bacteria.Cyanobacteria,52.229199999999764
2696.98_2515.91,2683.5592
GCF.000484535.1.Bacteria.Cyanobacteria,52.229199999999764
2604.85_2407.72,2572.6672
GCF.000013205.1.Bacteria.Cyanobacteria,52.227200000000266
2492.26_2294.22,2456.4522
2399.06_2200.62,2360.8157
2280.19_2029.49,2213.7907
GCF.002251945.1.Bacteria.Cyanobacteria,52.23070000000007
GCF.000015965.1.Bacteria.Cyanobacteria,52.23070000000007
2317.57_2122.72,2279.3623000000002
2133.82_1869.55,2060.2913000000003
GCF.000473895.1.Bacteria.Cyanobacteria,52.231300000000374
1385.17_859.667,1183.2843000000003
427.194_163.39,323.9703000000004
UCYNA2,52.22830000000067
UCYNA,52.22830000000067
GCF.000017845.1.Bacteria.Cyanobacteria,52.22429999999986
2257.39_2063.63,2218.1585000000005
GCF.003838225.1.Bacteria.Cyanobacteria,52.22850000000108
2210.97_2024.39,2171.8995000000004
2124.52_1897.76,2069.6105000000002
GCF.000018105.1.Bacteria.Cyanobacteria,52.230499999999665
1997.61_1705.2,1917.1805000000004
GCF.000316115.1.Bacteria.Cyanobacteria,52.230500000000575
GCA.001698445.1.Bacteria.Cyanobacteria,52.230500000000575
2130.46_1945.44,2091.3760000000007
1942.05_1657.08,1863.5140000000006
GCF.002215035.1.Bacteria.Cyanobacteria,52.22400000000016
GCF.000353285.1.Bacteria.Cyanobacteria,52.22400000000016
2051.72_1881.45,2017.2409000000007
GCF.000317045.1.Bacteria.Cyanobacteria,52.230900000000474
1658.88_1600.4,1668.6319000000008
402.821_91.5961,263.08190000000104
Richelia.intracellularis.HM01,52.23190000000068
Richelia.intracellularis.HH01,52.23190000000068
1498.21_1275.62,1453.5579000000007
1178.07_732.683,1031.9399000000008
Nostoc.sp.PCC7120,52.22790000000077
GCF.000020025.1.Bacteria.Cyanobacteria,52.22790000000077
Fischerella.muscicola.CCMEE5323,52.22790000000077
2385.3_2151.04,2329.0482
GCF.001870225.1.Bacteria.Cyanobacteria,52.22819999999956
2161.01_1865.03,2075.9982
Cyanelle.Glaucophyta.Cyanophora.paradoxa,52.22819999999956
2062.79_1728.66,1960.7772
1907.79_1538.7,1794.4322000000002
1741.06_1372.18,1617.9172000000003
Chloroplast.Rhodophyta.Porphyridium.purpureum,52.227200000000266
Chloroplast.Rhodophyta.Gracilariopsis.lemaneiformis,52.227200000000266
Chloroplast.Rhodophyta.Cyanidioschyzon.merolae,52.232200000000375
1949.34_1523.08,1800.6601999999998
Chloroplast.Streptophyta.Oryza.sativa,52.23019999999997
Chloroplast.Chlorophyta.Koliella.corcontica,52.23019999999997
