GCA_000398025.1	C
GCA_002779355.1	C
GCA_023131055.1	C
GCA_001302985.1	B
GCA_001303125.1	B
GCA_002781125.1	C
GCA_019923625.1	C
GCA_002419295.1	C
GCA_022710775.1	C
GCA_021161025.1	A
GCA_018894495.1	C
GCA_020063075.1	C
GCA_021159225.1	A
GCA_024238995.1	B
GCA_024239015.1	B
GCA_001823315.1	C
GCA_001821455.1	C
GCA_003556525.1	C
GCA_016782605.1	C
GCA_019923655.1	C
GCA_018813025.1	C
GCA_007376185.1	C
GCA_001819295.1	C
GCA_001819335.1	C
GCA_016181965.1	C
GCA_016181985.1	C
GCA_002434805.1	B
GCA_016186485.1	C
GCA_001819145.1	C
GCA_018609195.1	A
GCA_022574775.1	A
GCA_020148025.1	A
GCA_020148145.1	A
GCA_002787295.1	C
GCA_001821475.1	C
GCA_002774555.1	C
GCA_018830125.1	C
GCA_020148045.1	A
GCA_016867195.1	C
GCA_000992015.1	C
GCA_001822075.1	C
GCA_903928565.1	C
GCA_022703425.1	C
GCA_903913175.1	C
GCA_016196125.1	C
GCA_001820095.1	C
GCA_001821935.1	C
GCA_001821915.1	C
GCA_016866675.1	C
GCA_001820215.1	C
GCA_019658985.1	C
GCA_018829965.1	C
GCA_018894075.1	C
GCA_018895235.1	C
GCA_002787255.1	C
GCA_023128895.1	C
GCA_023130975.1	C
GCA_023137175.1	C
GCA_002773495.1	C
GCA_002773545.1	C
GCA_023474835.1	B
GCA_013203565.1	C
GCA_021163625.1	A
GCA_002785165.1	C
GCA_020724125.1	C
GCA_021162885.1	A
GCA_021158045.1	A
GCA_002779425.1	C
GCA_018400675.1	C
GCA_021157625.1	A
GCA_023134715.1	C
GCA_001821555.1	C
GCA_003556925.1	C
GCA_002329255.1	C
GCA_018895125.1	C
GCA_002069755.1	C
GCA_021129615.1	A
GCA_019923605.1	C
GCA_003557585.1	C
GCA_003551425.1	C
GCA_021734685.1	C
GCA_003557065.1	C
GCA_001823155.1	C
GCA_007375675.1	C
GCA_016177065.1	C
GCA_016177245.1	C
GCA_016186115.1	C
GCA_001823165.1	C
GCA_016203455.1	C
GCA_001823215.1	C
GCA_001824915.1	C
GCA_001825035.1	C
GCA_016188735.1	C
GCA_024239055.1	B
GCA_018816925.1	C
GCA_002327845.1	C
GCA_002340425.1	C
GCA_002382025.1	C
GCA_022705605.1	C
GCA_012798645.1	B
GCA_002780915.1	C
GCA_903839905.1	C
GCA_002774465.1	C
GCA_018901715.1	C
GCA_021129555.1	A
GCA_021158195.1	A
GCA_017991975.1	C
GCA_022710815.1	C
GCA_001443025.1	C
GCA_015491015.1	A
GCA_002923395.1	C
GCA_002788555.1	C
GCA_021158595.1	A
GCA_000997465.1	C
GCA_023480925.1	B
GCA_023255765.1	C
GCA_025060085.1	C
GCA_002898235.1	C
GCA_025060575.1	C
GCA_002069525.1	C
GCA_021162155.1	A
GCA_002440845.1	C
GCA_012798235.1	C
GCA_022705545.1	C
GCA_021158645.1	A
GCA_001794015.1	C
GCA_001794215.1	C
GCA_001794205.1	C
GCA_001794055.1	C
GCA_016181045.1	C
GCA_001794435.1	C
GCA_016181145.1	C
GCA_001794525.1	C
GCA_019662005.1	C
GCA_023245235.1	C
GCA_001795695.1	C
GCA_903830625.1	C
GCA_001794755.1	C
GCA_003514055.1	C
GCA_001795795.1	C
GCA_017992005.1	C
GCA_001794605.1	C
GCA_016181105.1	C
GCA_002771135.1	C
GCA_002794035.1	C
GCA_007376485.1	C
GCA_016185545.1	C
GCA_903897805.1	C
GCA_001824375.1	C
GCA_016186395.1	C
GCA_000992445.2	C
GCA_000996085.1	C
GCA_001822835.1	C
GCA_001824745.1	C
GCA_016196625.1	C
GCA_018609185.1	A
GCA_000997475.1	C
GCA_002780785.1	C
GCA_018818145.1	C
GCA_001819495.1	C
GCA_016208745.1	C
GCA_002792395.1	C
GCA_002793835.1	C
GCA_021815315.1	C
GCA_001819555.1	C
GCA_021163745.1	A
GCA_002685955.1	A
GCA_018819085.1	C
GCA_018820085.1	C
GCA_018829245.1	C
GCA_013203625.1	C
GCA_002791035.1	C
GCA_018830295.1	C
GCA_001872305.1	C
GCA_001819435.1	C
GCA_018897295.1	C
GCA_022705575.1	C
GCA_014728535.1	B
GCA_018829905.1	C
GCA_000992345.1	C
GCA_001773975.1	C
GCA_001775835.1	C
GCA_016200965.1	C
GCA_003056085.1	A
GCA_003599335.1	C
GCA_016188775.1	C
GCA_016195045.1	C
GCA_001774105.1	C
GCA_000994805.1	C
GCA_016186325.1	C
GCA_021790275.1	C
GCA_001774075.1	C
GCA_001001115.1	C
GCA_016214005.1	C
GCA_021791445.1	C
GCA_001793825.1	C
GCA_002784365.1	C
GCA_007279775.1	C
GCA_016933365.1	C
GCA_021799155.1	C
GCA_016188075.1	C
GCA_913009635.1	B
GCA_001793945.1	C
GCA_021796335.1	C
GCA_021786355.1	C
GCA_001793775.1	C
GCA_021780155.1	C
GCA_001793865.1	C
GCA_020724905.1	C
GCA_021780615.1	C
GCA_017991375.1	C
GCA_016215765.1	C
GCA_001003205.1	C
GCA_023244815.1	C
GCA_016182295.1	C
GCA_007376445.1	C
GCA_001818675.1	C
GCA_002773535.1	C
GCA_009694925.1	C
GCA_020052135.1	C
GCA_023245035.1	C
GCA_001817915.1	C
GCA_001818695.1	C
GCA_001818705.1	C
GCA_016214655.1	C
GCA_018969615.1	B
GCA_020724845.1	C
GCA_007376745.1	C
GCA_023474975.1	B
GCA_002773415.1	C
GCA_023244975.1	C
GCA_002773475.1	C
GCA_003539915.1	C
GCA_016867415.1	C
GCA_023244865.1	C
GCA_943357895.1	C
GCA_001817635.1	C
GCA_002773725.1	C
GCA_002773755.1	C
GCA_001817685.1	C
GCA_913009745.1	B
GCA_016176505.1	C
GCA_001817755.1	C
GCA_016176525.1	C
GCA_001817805.1	C
GCA_016178255.1	C
GCA_023380475.1	B
GCA_023474185.1	B
GCA_019923695.1	C
GCA_021787205.1	C
GCA_023228665.1	C
GCA_022705565.1	C
GCA_001817765.1	C
GCA_001818015.1	C
GCA_001003475.1	C
GCA_001004105.1	C
GCA_024239035.1	B
GCA_002772205.1	C
GCA_007375535.1	C
GCA_903827975.1	C
GCA_016234345.1	C
GCA_903847915.1	C
GCA_021791135.1	C
GCA_021824045.1	C
GCA_023380415.1	B
GCA_021801565.1	C
GCA_021811055.1	C
GCA_021813265.1	C
GCA_002781185.1	C
GCA_020062265.1	C
GCA_001779505.1	C
GCA_011050075.1	A
GCA_001781035.1	C
GCA_002686365.1	B
GCA_001779575.1	C
GCA_016187205.1	C
GCA_001818655.1	C
GCA_001818895.1	C
GCA_023244895.1	C
GCA_003599135.1	C
GCA_016186635.1	C
GCA_018971305.1	B
GCA_021780195.1	C
GCA_021827685.1	C
GCA_021780545.1	C
GCA_903944135.1	C
GCA_903911245.1	C
GCA_016212635.1	C
GCA_007376265.1	C
GCA_016182105.1	C
GCA_016204335.1	C
GCA_016204355.1	C
GCA_016204385.1	C
GCA_007375645.1	C
GCA_023244935.1	C
GCA_022843285.1	C
GCA_025054755.1	C
GCA_023484365.1	B
GCA_001821375.1	C
GCA_002796205.1	C
GCA_016182095.1	C
GCA_001793855.1	C
GCA_016211955.1	C
GCA_001824435.1	C
GCA_012510515.1	C
GCA_022711075.1	C
GCA_001001185.1	C
GCA_001872485.1	C
GCA_021813305.1	C
GCA_001001795.1	C
GCA_016188765.1	C
GCA_000996035.1	C
GCA_003599625.1	C
GCA_016208535.1	C
GCA_018895015.1	C
GCA_003231675.1	A
GCA_913009575.1	B
GCA_023244795.1	C
GCA_018827845.1	C
GCA_000996205.1	C
GCA_903822075.1	C
GCA_903823865.1	C
GCA_903868205.1	C
GCA_903832855.1	C
GCA_002413065.1	C
GCA_903900935.1	C
GCA_003151615.1	C
GCA_943354625.1	C
GCA_016215455.1	C
GCA_004298345.1	C
GCA_024654575.1	C
GCA_003455555.1	C
GCA_019661945.1	C
GCA_021785065.1	C
GCA_000999175.1	C
GCA_001822675.1	C
GCA_001000545.1	C
GCA_001820875.1	C
GCA_016181525.1	C
GCA_001821295.1	C
GCA_001822655.1	C
GCA_001820955.1	C
GCA_007375925.1	C
GCA_001821135.1	C
GCA_943354745.1	C
GCA_009695005.1	C
GCA_903954165.1	C
GCA_002787175.1	C
GCA_002428865.1	C
GCA_903842365.1	C
GCA_014378965.1	C
GCA_903864515.1	C
GCA_018062305.1	C
GCA_903854195.1	C
GCA_943354075.1	C
GCA_017881075.1	C
GCA_903958115.1	C
GCA_903882905.1	C
GCA_903933085.1	C
GCA_001189165.1	C
GCA_023266935.1	C
GCA_019661895.1	C
GCA_001824255.1	C
GCA_002294445.1	C
GCA_023267045.1	C
GCA_903861205.1	C
GCA_903918125.1	C
GCA_001823695.1	C
GCA_002791475.1	C
GCA_004322205.1	C
GCA_001823875.1	C
GCA_020059045.1	C
GCA_009691505.1	C
GCA_013204345.1	C
GCA_023264565.1	C
GCA_023137185.1	C
GCA_002787695.1	C
GCA_016932555.1	C
GCA_022763265.1	C
GCA_905478465.1	C
GCA_007117035.1	C
GCA_007125155.1	C
GCA_016860785.1	B
GCA_943354475.1	C
GCA_001781205.1	C
GCA_002773395.1	C
GCA_019634005.1	C
GCA_020428905.1	C
GCA_021129515.1	A
GCA_020428815.1	C
GCA_024653575.1	C
GCA_016204695.1	C
GCA_019745315.1	B
GCA_015485505.1	A
GCA_015489565.1	A
GCA_017134395.1	C
GCA_016204805.1	C
GCA_018060545.1	C
GCA_020058565.1	C
GCA_002331145.1	B
GCA_023653145.1	C
GCA_003252295.1	A
GCA_003561715.1	C
GCA_015491245.1	A
GCA_003694545.1	C
GCA_014238395.1	B
GCA_002687905.1	B
GCA_002778575.1	C
GCA_013204405.1	C
GCA_002778715.1	C
GCA_022560785.1	A
GCA_022561335.1	A
GCA_022574205.1	A
GCA_001781435.1	C
GCA_005239955.1	C
GCA_020854065.1	C
GCA_021813335.1	C
GCA_943356415.1	C
GCA_021414235.1	C
GCA_021731245.1	B
GCA_007376725.1	C
GCA_002401445.1	A
GCA_016699465.1	C
GCA_022616195.1	C
GCA_002724975.1	B
GCA_002747955.1	B
GCA_014237915.1	B
GCA_020628915.1	C
GCA_020629435.1	C
GCA_002771585.1	C
GCA_003022255.1	C
GCA_007376805.1	C
GCA_018401295.1	C
GCA_018817595.1	C
GCA_023129575.1	C
GCA_018894995.1	C
GCA_009995365.1	C
GCA_022711495.1	C
GCA_018061745.1	C
GCA_020632215.1	C
GCA_001785575.1	C
GCA_903869875.1	C
GCA_017991395.1	C
GCA_943359475.1	C
GCA_017992485.1	C
GCA_903862255.1	C
GCA_018061145.1	C
GCA_020846455.1	C
GCA_943356375.1	C
GCA_016699085.1	C
GCA_016699365.1	C
GCA_943354645.1	C
GCA_943356395.1	C
GCA_903892035.1	C
GCA_023267245.1	C
GCA_023267315.1	C
GCA_943354205.1	C
GCA_943354525.1	C
GCA_943356425.1	C
GCA_943359425.1	C
GCA_023267375.1	C
GCA_023267415.1	C
GCA_018062065.1	C
GCA_021734995.1	C
GCA_903838985.1	C
GCA_018063015.1	C
GCA_001785965.1	C
GCA_001786095.1	C
GCA_001786825.1	C
GCA_018061865.1	C
GCA_001785735.1	C
GCA_002401345.1	A
GCA_001786995.1	C
GCA_007117675.1	C
GCA_017992255.1	C
GCA_020631955.1	C
GCA_023898605.1	C
GCA_002408565.1	C
GCA_018063165.1	C
GCA_022843645.1	C
GCA_007375595.1	C
GCA_001785725.1	C
GCA_903873095.1	C
GCA_021209525.1	C
GCA_020428615.1	B
GCA_021734445.1	C
GCA_023229825.1	C
GCA_001821395.1	C
GCA_021851895.1	C
GCA_002451235.1	C
GCA_022616085.1	C
GCA_002327685.1	B
GCA_016180525.1	C
GCA_016176785.1	C
GCA_016204005.1	C
GCA_018814635.1	C
GCA_023137615.1	C
GCA_001823505.1	C
GCA_001823545.1	C
GCA_002788135.1	C
GCA_013334825.1	C
GCA_024654605.1	C
GCA_002771515.1	C
GCA_016181845.1	C
GCA_001823055.1	C
GCA_002772495.1	C
GCA_022705505.1	C
GCA_903825615.1	C
GCA_903878275.1	C
GCA_001823065.1	C
GCA_001824825.1	C
GCA_011049365.1	C
GCA_021414225.1	C
GCA_016188295.1	C
GCA_023267075.1	C
GCA_001823095.1	C
GCA_016181465.1	C
GCA_020057185.1	C
GCA_020847275.1	C
GCA_002376885.1	B
GCA_002774795.1	C
GCA_016215335.1	C
GCA_003504275.1	C
GCA_016201425.1	C
GCA_016215345.1	C
GCA_002772825.1	C
GCA_002774055.1	C
GCA_018817995.1	C
GCA_018819015.1	C
GCA_002792165.1	C
GCA_001821615.1	C
GCA_016179715.1	C
GCA_016186495.1	C
GCA_016214345.1	C
GCA_001819395.1	C
GCA_016177385.1	C
GCA_022563755.1	A
GCA_002772995.1	C
GCA_002774705.1	C
GCA_001001285.1	C
GCA_001778495.1	C
GCA_001778635.1	C
GCA_001778595.1	C
GCA_001778875.1	C
GCA_016176295.1	C
GCA_001778785.1	C
GCA_016176285.1	C
GCA_001780775.1	C
GCA_001778985.1	C
GCA_016186825.1	C
GCA_023266875.1	C
GCA_001819815.1	C
GCA_007376195.1	C
GCA_002793915.1	C
GCA_001819875.1	C
GCA_001821765.1	C
GCA_001821795.1	C
GCA_009691385.1	C
GCA_000998135.1	C
GCA_001820675.1	C
GCA_001820685.1	C
GCA_001820785.1	C
GCA_018971745.1	B
GCA_001001625.1	C
GCA_016181585.1	C
GCA_001820655.1	C
GCA_001820725.1	C
GCA_001822215.1	C
GCA_007376125.1	C
GCA_016196115.1	C
GCA_016186095.1	C
GCA_016432465.1	C
GCA_016181565.1	C
GCA_016201505.1	C
GCA_003599755.1	C
GCA_016186145.1	C
GCA_001819985.1	C
GCA_016177905.1	C
GCA_913054525.1	B
GCA_001820055.1	C
GCA_009839835.1	C
GCA_016188605.1	C
GCA_001824325.1	C
GCA_003021915.1	C
GCA_003565105.1	C
GCA_023264145.1	C
GCA_021799835.1	C
GCA_018896765.1	C
GCA_018899995.1	C
GCA_019428855.1	B
GCA_023142995.1	C
GCA_023132875.1	C
GCA_023142975.1	C
GCA_000990585.1	C
GCA_003510795.1	C
GCA_020722485.1	C
GCA_000992165.1	C
GCA_000992325.1	C
GCA_903851135.1	C
GCA_002306085.1	C
GCA_022709545.1	C
GCA_001001345.1	C
GCA_003510895.1	C
GCA_003251635.1	A
GCA_001784725.1	C
GCA_022710085.1	C
GCA_002923195.1	A
GCA_018400055.1	C
GCA_004297805.1	C
GCA_016699795.1	C
GCA_001786575.1	C
GCA_017983435.1	C
GCA_008012175.1	C
GCA_013336285.1	C
GCA_018061645.1	C
GCA_016699385.1	C
GCA_002747515.1	B
GCA_023133275.1	A
GCA_020629675.1	C
GCA_020428995.1	B
GCA_000995125.1	C
GCA_003543115.1	C
GCA_021785125.1	C
GCA_003534085.1	C
GCA_021788105.1	C
GCA_002773095.1	C
GCA_002780175.1	C
GCA_002790635.1	C
GCA_001784815.1	C
GCA_002400405.1	C
GCA_023261605.1	C
GCA_002782345.1	C
GCA_003056145.1	A
GCA_013334765.1	C
GCA_022711335.1	C
GCA_000995965.1	C
GCA_002790655.1	C
GCA_003157295.1	C
GCA_002327335.1	C
GCA_002352465.1	B
GCA_002352545.1	B
GCA_015493225.1	A
GCA_012841575.1	C
GCA_014729445.1	B
GCA_014729725.1	B
GCA_014729795.1	B
GCA_018399475.1	C
GCA_018825765.1	C
GCA_016867255.1	C
GCA_021779255.1	C
GCA_903898335.1	C
GCA_021779915.1	C
GCA_001817055.1	C
GCA_001817115.1	C
GCA_016197005.1	C
GCA_002686445.1	B
GCA_001817065.1	C
GCA_003229735.1	A
GCA_022574795.1	A
GCA_007376145.1	C
GCA_903934015.1	C
GCA_002792135.1	C
GCA_004374725.1	A
GCA_018818205.1	C
GCA_018818905.1	C
GCA_020429185.1	C
GCA_000990355.1	C
GCA_001783065.1	C
GCA_903837125.1	C
GCA_003510435.1	C
GCA_018652595.1	B
GCA_012800155.1	C
GCA_001784275.1	C
GCA_018061685.1	C
GCA_002773135.1	C
GCA_018650085.1	B
GCA_002716765.1	B
GCA_018650645.1	B
GCA_018651085.1	B
GCA_002787355.1	C
GCA_021648085.1	B
GCA_001784285.1	C
GCA_003230965.1	A
GCA_002793015.1	C
GCA_003518365.1	C
GCA_018824545.1	C
GCA_020725175.1	C
GCA_001782825.1	C
GCA_023246555.1	C
GCA_014729395.1	B
GCA_001004885.1	C
GCA_001782805.1	C
GCA_002293825.1	C
GCA_016182415.1	C
GCA_002793035.1	C
GCA_002869205.1	B
GCA_003482855.1	C
GCA_000992085.1	C
GCA_943359595.1	C
GCA_001784435.1	C
GCA_001783035.1	C
GCA_021812425.1	C
GCA_016234265.1	C
GCA_021790135.1	C
GCA_009694865.1	C
GCA_016189025.1	C
GCA_023246715.1	C
GCA_002778465.1	C
GCA_018812905.1	C
GCA_022710645.1	C
GCA_004321885.1	C
GCA_017991415.1	C
GCA_003501255.1	C
GCA_015661005.1	C
GCA_903893485.1	C
GCA_001001925.1	C
GCA_001783145.1	C
GCA_003514455.1	C
GCA_002688135.1	A
GCA_002774425.1	C
GCA_001778095.1	C
GCA_016214745.1	C
GCA_005239895.1	C
GCA_020057505.1	C
GCA_002772895.1	C
GCA_018824325.1	C
GCA_020724105.1	C
GCA_000996245.1	C
GCA_018818405.1	C
GCA_001778275.1	C
GCA_016214755.1	C
GCA_013202715.1	C
GCA_018693855.1	B
GCA_001778235.1	C
GCA_002773615.1	C
GCA_016212745.1	C
GCA_020724925.1	C
GCA_016186045.1	C
GCA_016188385.1	C
GCA_016206145.1	C
GCA_016206235.1	C
GCA_016206155.1	C
GCA_016209345.1	C
GCA_023246095.1	C
GCA_023246955.1	C
GCA_011046145.1	C
GCA_014729025.1	B
GCA_016927685.1	C
GCA_000991205.1	C
GCA_018653315.1	B
GCA_018062885.1	C
GCA_020632415.1	C
GCA_002787405.1	C
GCA_003104935.1	C
GCA_002869235.1	B
GCA_018664825.1	B
GCA_018669975.1	B
GCA_018819405.1	C
GCA_001818365.1	C
GCA_016204595.1	C
GCA_019248485.1	C
GCA_021106915.1	A
GCA_001001205.1	C
GCA_018672055.1	B
GCA_018817315.1	C
GCA_018818425.1	C
GCA_001818835.1	C
GCA_002785295.1	C
GCA_016784445.1	C
GCA_002793075.1	C
GCA_024654345.1	C
GCA_001873465.1	C
GCA_002070355.1	C
GCA_021158435.1	A
GCA_016784145.1	C
GCA_022572625.1	A
GCA_021735685.1	C
GCA_018896315.1	C
GCA_021161965.1	A
GCA_002402995.1	C
GCA_002339755.1	C
GCA_020061725.1	C
GCA_007378955.1	C
GCA_011682665.1	A
GCA_018651725.1	B
GCA_023135505.1	C
GCA_020062525.1	C
GCA_000992395.1	C
GCA_007376135.1	C
GCA_001817345.1	C
GCA_001817495.1	C
GCA_016930315.1	C
GCA_001817425.1	C
GCA_001817615.1	C
GCA_002687175.1	A
GCA_013359225.1	C
GCA_023246815.1	C
GCA_002773845.1	C
GCA_003599635.1	C
GCA_018818885.1	C
GCA_000995135.1	C
GCA_013335665.1	C
GCA_021788015.1	C
GCA_001780275.1	C
GCA_003647675.1	A
GCA_001780285.1	C
GCA_003514005.1	C
GCA_023132155.1	C
GCA_002869165.1	B
GCA_023142215.1	C
GCA_023137275.1	C
GCA_018897195.1	C
GCA_022705905.1	C
GCA_002869265.1	B
GCA_001871235.1	C
GCA_003056205.1	A
GCA_016938835.1	C
GCA_023444045.1	C
GCA_903839955.1	C
GCA_002840305.1	C
GCA_021734135.1	C
GCA_021734405.1	C
GCA_014728685.1	B
GCA_018822835.1	C
GCA_023659985.1	C
GCA_001873515.1	C
GCA_016188785.1	C
GCA_018813805.1	C
GCA_018817545.1	C
GCA_002781265.1	C
GCA_003231075.1	A
GCA_913009695.1	B
GCA_021813875.1	C
GCA_013791585.1	C
GCA_018896595.1	C
GCA_002771615.1	C
GCA_016784175.1	C
GCA_002293855.1	C
GCA_021818075.1	C
GCA_002778705.1	C
GCA_002344425.1	C
GCA_903897785.1	C
GCA_002306385.1	C
GCA_001777995.1	C
GCA_002778635.1	C
GCA_002773655.1	C
GCA_001778285.1	C
GCA_000998185.1	C
GCA_012797775.1	C
GCA_001783595.1	C
GCA_002778965.1	C
GCA_002328025.1	C
GCA_002778535.1	C
GCA_001817505.1	C
GCA_017992755.1	C
GCA_903863425.1	C
GCA_002068915.1	C
GCA_903859075.1	C
GCA_903907165.1	C
GCA_000995845.1	C
GCA_016217875.1	C
GCA_020057885.1	C
GCA_016234305.1	C
GCA_018817715.1	C
GCA_003512705.1	C
GCA_001791465.1	C
GCA_002774575.1	C
GCA_903867845.1	C
GCA_023898465.1	C
GCA_005239865.1	C
GCA_016204585.1	C
GCA_903854795.1	C
GCA_016204645.1	C
GCA_016192205.1	C
GCA_016193315.1	C
GCA_016217865.1	C
GCA_016194465.1	C
GCA_016218485.1	C
GCA_000996355.1	C
GCA_003511125.1	C
GCA_002791255.1	C
GCA_001002765.1	C
GCA_001791615.1	C
GCA_002791295.1	C
GCA_013204395.1	C
GCA_014239775.1	B
GCA_016206085.1	C
GCA_023246355.1	C
GCA_943357275.1	C
GCA_016188475.1	C
GCA_016219925.1	C
GCA_903843045.1	C
GCA_001791045.1	C
GCA_943354165.1	C
GCA_016188425.1	C
GCA_021789915.1	C
GCA_018814025.1	C
GCA_003505155.1	C
GCA_016187485.1	C
GCA_002782865.1	C
GCA_003453595.1	C
GCA_018818445.1	C
GCA_002791275.1	C
GCA_903848275.1	C
GCA_943354605.1	C
GCA_943359345.1	C
GCA_003497135.1	C
GCA_001791035.1	C
GCA_002774875.1	C
GCA_013203725.1	C
GCA_002786495.1	C
GCA_008363075.1	C
GCA_023898425.1	C
GCA_903918235.1	C
GCA_009691315.1	C
GCA_018061755.1	C
GCA_018061025.1	C
GCA_003231955.1	A
GCA_023246325.1	C
GCA_016222815.1	C
GCA_018063105.1	C
GCA_020850575.1	C
GCA_018830085.1	C
GCA_016203535.1	C
GCA_018830865.1	C
GCA_018817245.1	C
GCA_024654265.1	C
GCA_014728655.1	B
GCA_018499965.1	C
GCA_001303185.1	B
GCA_001791745.1	C
GCA_018813785.1	C
GCA_016205965.1	C
GCA_021824285.1	C
GCA_023246195.1	C
GCA_023246225.1	C
GCA_016929435.1	C
GCA_001791115.1	C
GCA_004299275.1	C
GCA_004297205.1	C
GCA_023246535.1	C
GCA_020724945.1	C
GCA_001001705.1	C
GCA_001790815.1	C
GCA_016187515.1	C
GCA_001791325.1	C
GCA_002793855.1	C
GCA_016188355.1	C
GCA_016206165.1	C
GCA_016215325.1	C
GCA_001003705.1	C
GCA_021815445.1	C
GCA_016214565.1	C
GCA_022560375.1	A
GCA_018816445.1	C
GCA_018814765.1	C
GCA_002774635.1	C
GCA_002784945.1	C
GCA_018825385.1	C
GCA_001818315.1	C
GCA_001818775.1	C
GCA_001818355.1	C
GCA_005239655.1	C
GCA_018500015.1	C
GCA_016182555.1	C
GCA_002781785.1	C
GCA_003512175.1	C
GCA_016182495.1	C
GCA_024277435.1	A
GCA_018822435.1	C
GCA_016182525.1	C
GCA_000999025.1	C
GCA_018698735.1	B
GCA_001818155.1	C
GCA_001818235.1	C
GCA_013203415.1	C
GCA_018896645.1	C
GCA_015485695.1	A
GCA_015485715.1	A
GCA_001818435.1	C
GCA_001889965.1	C
GCA_002687895.1	B
GCA_002787075.1	C
GCA_007375725.1	C
GCA_018053685.1	C
GCA_021780535.1	C
GCA_015485655.1	A
GCA_020724865.1	C
GCA_004298615.1	C
GCA_001777515.1	C
GCA_023246055.1	C
GCA_001777585.1	C
GCA_016205055.1	C
GCA_023485925.1	B
GCA_002773695.1	C
GCA_001777575.1	C
GCA_016182875.1	C
GCA_016186915.1	C
GCA_001777655.1	C
GCA_001780035.1	C
GCA_001777665.1	C
GCA_023246005.1	C
GCA_019659055.1	C
GCA_016199215.1	C
GCA_002293685.1	C
GCA_020850635.1	C
GCA_013387205.1	C
GCA_021789715.1	C
GCA_023484515.1	B
GCA_021825655.1	C
GCA_903908535.1	C
GCA_903913365.1	C
GCA_016788665.1	C
GCA_016788805.1	C
GCA_007375915.1	C
GCA_021811585.1	C
GCA_001779955.1	C
GCA_016203935.1	C
GCA_016188915.1	C
GCA_022703645.1	C
GCA_000989565.1	C
GCA_016188705.1	C
GCA_016235915.1	C
GCA_000993615.1	C
GCA_018659585.1	B
GCA_000999315.1	C
GCA_001788795.1	C
GCA_001873565.1	C
GCA_018816885.1	C
GCA_001787475.1	C
GCA_016699145.1	C
GCA_943357175.1	C
GCA_015485665.1	A
GCA_018658105.1	B
GCA_018816805.1	C
GCA_001787465.1	C
GCA_001788835.1	C
GCA_018697675.1	B
GCA_000992695.1	C
GCA_000993595.1	C
GCA_943355055.1	C
GCA_001787455.1	C
GCA_016186245.1	C
GCA_016206505.1	C
GCA_016214225.1	C
GCA_903847465.1	C
GCA_943359415.1	C
GCA_002772535.1	C
GCA_016763975.1	C
GCA_018818755.1	C
GCA_011682355.1	A
GCA_018664365.1	B
GCA_002839505.1	C
GCA_014729275.1	B
GCA_018654255.1	B
GCA_018655275.1	B
GCA_013824265.1	C
GCA_018821175.1	C
GCA_024275695.1	A
GCA_016928915.1	C
GCA_018826445.1	C
GCA_002305925.1	C
GCA_903858295.1	C
GCA_014728765.1	B
GCA_003153355.1	C
GCA_020851415.1	C
GCA_017994125.1	C
GCA_014729615.1	B
GCA_020429235.1	C
GCA_018825335.1	C
GCA_002718715.1	B
GCA_014240275.1	B
GCA_943349385.1	C
GCA_002788755.1	C
GCA_002788775.1	C
GCA_018061065.1	C
GCA_016186205.1	C
GCA_016220145.1	C
GCA_002796025.1	C
GCA_018829865.1	C
GCA_002401425.1	A
GCA_021735425.1	C
GCA_001430755.1	C
GCA_003483925.1	C
GCA_002772745.1	C
GCA_021734665.1	C
GCA_001787755.1	C
GCA_020059985.1	C
GCA_001787535.1	C
GCA_016196295.1	C
GCA_007375735.1	C
GCA_016178535.1	C
GCA_903822115.1	C
GCA_023245765.1	C
GCA_007376635.1	C
GCA_001788965.1	C
GCA_903854455.1	C
GCA_018062585.1	C
GCA_943350395.1	C
GCA_018061945.1	C
GCA_022843885.1	C
GCA_023263945.1	B
GCA_001788955.1	C
GCA_001789045.1	C
GCA_007376205.1	C
GCA_018061525.1	C
GCA_016196225.1	C
GCA_002436205.1	A
GCA_018652955.1	B
GCA_018648865.1	B
GCA_020058765.1	C
GCA_018652265.1	B
GCA_002389285.1	B
GCA_002747745.1	B
GCA_018401175.1	C
GCA_018648585.1	B
GCA_021734395.1	C
GCA_021734525.1	C
GCA_009995455.1	C
GCA_023143095.1	C
GCA_018608565.1	B
GCA_020631075.1	C
GCA_020632335.1	C
GCA_002792495.1	C
GCA_016932505.1	C
GCA_016934215.1	C
GCA_018813295.1	C
GCA_003154375.1	C
GCA_016932495.1	C
GCA_016699515.1	C
GCA_016927155.1	C
GCA_016220165.1	C
GCA_016220175.1	C
GCA_016699755.1	C
GCA_024762935.1	A
GCA_016839105.1	A
GCA_903882825.1	C
GCA_002335145.1	C
GCA_024709505.1	C
GCA_903908595.1	C
GCA_008015855.1	C
GCA_014377305.1	C
GCA_017993345.1	C
GCA_002791215.1	C
GCA_013333605.2	C
GCA_023898485.1	C
GCA_017992195.1	C
GCA_002783265.1	C
GCA_001773455.1	C
GCA_016207805.1	C
GCA_017984655.1	C
GCA_012031925.1	C
GCA_014377045.1	C
GCA_014376695.1	C
GCA_020723005.1	C
GCA_000991185.1	C
GCA_002789815.1	C
GCA_007376535.1	C
GCA_002780235.1	C
GCA_002071685.1	C
GCA_002778735.1	C
GCA_001029735.1	C
GCA_903877885.1	C
GCA_016844295.1	C
GCA_023485405.1	B
GCA_002771215.1	C
GCA_023487325.1	B
GCA_001774395.1	C
GCA_016432625.1	C
GCA_024654065.1	C
GCA_016213365.1	C
GCA_903839975.1	C
GCA_016861245.1	C
GCA_009885355.1	C
GCA_002305395.1	C
GCA_020056565.1	C
GCA_016187225.1	C
GCA_016198415.1	C
GCA_020429585.1	C
GCA_001029795.1	C
GCA_003647645.1	A
GCA_022703745.1	C
GCA_001771275.1	C
GCA_001772255.1	C
GCA_003524745.1	C
GCA_018817805.1	C
GCA_001776195.1	C
GCA_002070055.1	C
GCA_002773985.1	C
GCA_022705465.1	C
GCA_903851235.1	C
GCA_021812945.1	C
GCA_018968785.1	B
GCA_020058355.1	C
GCA_022842085.1	C
GCA_903954185.1	C
GCA_018830605.1	C
GCA_021157605.1	A
GCA_000993275.1	C
GCA_000995065.1	C
GCA_002785325.1	C
GCA_023473595.1	B
GCA_021787535.1	C
GCA_021823605.1	C
GCA_021791015.1	C
GCA_903842085.1	C
GCA_002338125.1	C
GCA_002476865.1	C
GCA_001003725.1	C
GCA_007845485.1	C
GCA_003246575.1	A
GCA_905373835.1	C
GCA_013333495.2	C
GCF_022819365.1	C
GCA_002335175.1	C
GCA_020428315.1	C
GCA_020631935.1	C
GCA_023257055.1	C
GCA_002381485.1	A
GCA_903899655.1	C
GCA_018064165.1	C
GCA_002404195.1	C
GCA_016199685.1	C
GCA_023391075.1	C
GCA_009777315.1	C
GCA_017514805.1	C
GCA_009785325.1	C
GCA_009778675.1	C
GCF_004151455.1	C
GCA_016196195.1	C
GCA_002434045.1	C
GCA_010014665.1	C
GCA_023432475.1	C
GCA_002861585.1	C
GCA_004138455.1	C
GCA_009776375.1	C
GCA_009787015.1	C
GCA_016699895.1	C
GCA_009783235.1	C
GCA_004100265.1	C
GCA_016789455.1	C
GCA_016880595.1	C
GCA_002482925.1	C
GCA_018061375.1	C
GCA_020427905.1	C
GCA_020631895.1	C
GCA_020631865.1	C
GCA_001788565.1	C
GCA_001790525.1	C
GCA_002452155.1	C
GCA_016187125.1	C
GCA_013815775.1	C
GCA_002793885.1	C
GCA_019662065.1	C
GCA_022841445.1	C
GCA_001790445.1	C
GCA_016219345.1	C
GCA_022842995.1	C
GCA_023263015.1	C
GCA_007132685.1	C
GCA_002413755.1	C
GCA_013289705.1	C
GCA_002413795.1	C
GCA_003133385.1	C
GCA_021799595.1	C
GCA_003153395.1	C
GCA_010027485.1	C
GCA_002413865.1	C
GCA_021783725.1	C
GCA_021809645.1	C
GCA_903836325.1	C
GCA_021846795.1	C
GCA_002441585.1	C
GCA_020427965.1	C
GCA_020428025.1	C
GCA_021789195.1	C
GCA_023268595.1	C
GCA_002952755.1	C
GCA_016699955.1	C
GCA_018062785.1	C
GCA_020427985.1	C
GCA_024635495.1	C
GCA_021851735.1	C
GCA_003164595.1	C
GCA_021781215.1	C
GCA_021811625.1	C
GCA_903970425.1	C
GCA_003962975.1	C
GCA_020428425.1	C
GCA_903946795.1	C
GCA_013815785.1	C
GCA_023253175.1	C
GCA_020428105.1	C
GCA_020428005.1	C
GCA_016178135.1	C
GCA_943353165.1	C
GCA_001790455.1	C
GCA_020428115.1	C
GCA_020428405.1	C
GCA_023898625.1	C
GCA_003231925.1	A
GCA_016700315.1	C
GCA_009923445.1	C
GCA_013694995.1	C
GCA_017992295.1	C
GCA_018062805.1	C
GCA_020631975.1	C
GCA_903859365.1	C
GCA_009839685.1	C
GCA_020631905.1	C
GCA_012965045.1	A
GCA_021404905.1	C
GCA_023898665.1	C
GCA_003022365.1	C
GCA_007131065.1	C
GCA_002415345.1	C
GCA_002429485.1	C
GCA_016699105.1	C
GCA_019352195.1	C
GCA_019347875.1	C
GCA_004297735.1	C
GCA_013816445.1	C
GCA_023261595.1	C
GCA_016191105.1	C
GCA_014191035.1	C
GCA_943353705.1	C
GCA_943354915.1	C
GCA_020852295.1	C
GCA_016700035.1	C
GCA_020854115.1	C
GCA_017983775.1	C
GCA_002792735.1	C
GCA_000503835.1	C
GCA_001773135.1	C
GCA_903879985.1	C
GCA_002305205.1	C
GCA_001773215.1	C
GCA_018818485.1	C
GCA_022710505.1	C
GCA_001773295.1	C
GCA_012798315.1	C
GCA_016926555.1	C
GCA_001772575.1	C
GCA_000997355.1	C
GCA_002305475.1	C
GCA_001772865.1	C
GCA_002305115.1	C
GCA_003564915.1	C
GCA_014729135.1	B
GCA_018056275.1	C
GCA_020631855.1	C
GCA_020427865.1	C
GCA_945897985.1	C
GCA_000994815.1	C
GCA_001772625.1	C
GCA_016182565.1	C
GCA_001772985.1	C
GCA_001772615.1	C
GCA_002770755.1	C
GCA_002774285.1	C
GCA_018896215.1	C
GCA_001772665.1	C
GCA_002789015.1	C
GCA_009995545.1	C
GCA_002774225.1	C
GCA_023474425.1	B
GCA_001772805.1	C
GCA_000989675.1	C
GCA_002412645.1	C
GCA_002419125.1	C
GCA_012514355.1	C
GCA_012800885.1	C
GCA_002366615.1	B
GCA_003518125.1	C
GCA_011620305.1	C
GCA_022840695.1	C
GCA_903840015.1	C
GCA_903906305.1	C
GCA_000993565.1	C
GCA_002335495.1	C
GCA_021463465.1	C
GCA_023229785.1	C
GCA_020632375.1	C
GCA_020632395.1	C
GCA_003554185.1	C
GCA_003560355.1	C
GCA_014729235.1	B
GCA_016929645.1	C
GCA_016932785.1	C
GCA_002793355.1	C
GCA_015485585.1	A
GCA_015489595.1	A
GCA_016927995.1	C
GCA_001567305.1	C
GCA_001567355.1	C
GCA_020429395.1	C
GCA_014729085.1	B
GCA_020429465.1	C
GCA_016927655.1	C
GCA_016931155.1	C
GCA_016932045.1	C
GCA_018816645.1	C
GCA_003694175.1	C
GCA_025061805.1	C
GCA_016861265.1	C
GCA_020429495.1	C
GCA_016788825.1	C
GCA_016699595.1	C
GCA_021785355.1	C
GCA_021791275.1	C
GCA_021805885.1	C
GCA_021803645.1	C
GCA_021806925.1	C
GCA_000989765.1	C
GCA_001029755.1	C
GCA_020061305.1	C
GCA_016784385.1	C
GCA_000993205.1	C
GCA_000997405.1	C
GCA_021790215.1	C
GCA_021824915.1	C
GCA_002415845.1	C
GCA_018826545.1	C
GCA_001791995.1	C
GCA_016181165.1	C
GCA_001792115.1	C
GCA_022868165.1	B
GCA_000993025.1	C
GCA_001793095.1	C
GCA_016700095.1	C
GCA_013374855.1	C
GCA_000993115.1	C
GCA_020060845.1	C
GCA_000993405.1	C
GCA_001792345.1	C
GCA_001793015.1	C
GCA_025057695.1	C
GCA_001792215.1	C
GCA_001793155.1	C
GCA_016926185.1	C
GCA_018823885.1	C
GCA_022562395.1	A
GCA_000995185.1	C
GCA_001793235.1	C
GCA_002329465.1	C
GCA_020724555.1	C
GCA_002430735.1	C
GCA_001792465.1	C
GCA_001792305.1	C
GCA_016432525.1	C
GCA_001816385.1	C
GCA_001816455.1	C
GCA_016183565.1	C
GCA_002686465.1	B
GCA_001816475.1	C
GCA_007376395.1	C
GCA_016204995.1	C
GCA_000999595.1	C
GCA_001001375.1	C
GCA_001002325.1	C
GCA_001773775.1	C
GCA_001773695.1	C
GCA_001773725.1	C
GCA_007376345.1	C
GCA_001001555.1	C
GCA_016219445.1	C
GCA_001002135.1	C
GCA_001873435.1	C
GCA_009776965.1	C
GCA_002306345.1	C
GCA_943350175.1	C
GCA_012515515.1	C
GCA_003518205.1	C
GCA_018646985.1	B
GCA_002305355.1	C
GCA_900299155.1	C
GCA_002772695.1	C
GCA_002306315.1	C
GCA_002788675.1	C
GCA_016861085.1	C
GCA_018816385.1	C
GCA_020632235.1	B
GCA_015485595.1	A
GCA_002293725.1	C
GCA_003173865.1	C
GCA_016861205.1	C
GCA_002772645.1	C
GCA_023382875.1	C
GCA_021208605.1	C
GCA_001002285.1	C
GCA_016211945.1	C
GCA_003487265.1	C
GCA_003176165.1	C
GCA_018060955.1	C
GCA_016183365.1	C
GCA_001816585.1	C
GCA_022564195.1	A
GCA_001816915.1	C
GCA_016176555.1	C
GCA_001803415.1	C
GCA_003247275.1	A
GCA_001803465.1	C
GCA_001002415.1	C
GCA_003576945.1	C
GCA_903945195.1	C
GCA_021788365.1	C
GCA_001003385.1	C
GCA_001774555.1	C
GCA_001776275.1	C
GCA_943355005.1	C
GCA_903886255.1	C
GCA_903873735.1	C
GCA_018817845.1	C
GCF_009936135.1	C
GCA_001029675.1	C
GCA_002772455.1	C
GCA_013152165.1	A
GCA_024277325.1	A
GCA_015486555.1	A
GCA_002305125.1	C
GCA_002773945.1	C
GCA_002335355.1	C
GCA_012798485.1	C
GCA_012797845.1	C
GCA_018813815.1	C
GCA_002793635.1	C
GCA_016927565.1	C
GCA_018900995.1	C
GCA_002069945.1	C
GCA_002780305.1	C
GCA_020059745.1	C
GCA_002304845.1	C
GCA_002329385.1	C
GCA_903825325.1	C
GCA_002382075.1	C
GCA_003250375.1	A
GCA_003542615.1	C
GCA_021817905.1	C
GCA_018901355.1	C
GCA_018902845.1	C
GCA_002428285.1	C
GCA_015485895.1	A
GCA_016783425.1	C
GCA_021157735.1	A
GCA_018830585.1	C
GCA_002774085.1	C
GCA_018052565.1	C
GCA_002784465.1	C
GCA_016866735.1	C
GCA_000995415.1	C
GCA_023245415.1	C
GCA_003524845.1	C
GCA_001779095.1	C
GCA_016218215.1	C
GCA_003545435.1	C
GCA_903821745.1	C
GCA_001779455.1	C
GCA_016218255.1	C
GCA_016218185.1	C
GCA_001780895.1	C
GCA_020057765.1	C
GCA_001780985.1	C
GCA_023245355.1	C
GCA_018821245.1	C
GCA_001781025.1	C
GCA_023379025.1	B
GCA_016182725.1	C
GCA_016182365.1	C
GCA_023473585.1	B
GCA_000999095.1	C
GCA_001779055.1	C
GCA_001779115.1	C
GCA_002785215.1	C
GCA_001779195.1	C
GCA_022866885.1	C
GCA_016186795.1	C
GCA_016218275.1	C
GCA_023379265.1	B
GCA_016195685.1	C
GCA_001779235.1	C
GCA_001780955.1	C
GCA_016204905.1	C
GCA_001567245.1	C
GCA_001788095.1	C
GCA_001789515.1	C
GCA_001567515.1	C
GCA_001789725.1	C
GCA_001789395.1	C
GCA_001789445.1	C
GCA_001789355.1	C
GCA_001789645.1	C
GCA_016186235.1	C
GCA_021796235.1	C
GCA_001789855.1	C
GCA_021787635.1	C
GCA_002774185.1	C
GCA_016201695.1	C
GCA_002050095.1	C
GCA_002780795.1	C
GCA_012798265.1	C
GCA_001790095.1	C
GCA_002785065.1	C
GCA_021833625.1	C
GCA_002789465.1	C
GCA_001789805.1	C
GCA_017993865.1	C
GCA_943356515.1	C
GCA_013334845.1	C
GCA_013335175.1	C
GCA_016432445.1	C
GCA_001789965.1	C
GCA_016181725.1	C
GCA_016178125.1	C
GCA_025057905.1	C
GCA_015491205.1	A
GCA_001788295.1	C
GCA_002793745.1	C
GCA_024654535.1	C
GCA_001788215.1	C
GCA_016203755.1	C
GCA_002788855.1	C
GCA_016782545.1	C
GCA_001781995.1	C
GCA_002788395.1	C
GCA_023381035.1	B
GCA_001782035.1	C
GCA_016199085.1	C
GCA_016217835.1	C
GCA_021791545.1	C
GCA_021813145.1	C
GCA_023485865.1	B
GCA_001782515.1	C
GCA_016182225.1	C
GCA_001784155.1	C
GCA_001782075.1	C
GCA_001782195.1	C
GCA_016182235.1	C
GCA_016186645.1	C
GCA_001782085.1	C
GCA_001782165.1	C
GCA_016182185.1	C
GCA_016184205.1	C
GCA_001784055.1	C
GCA_001784115.1	C
GCA_009695045.1	C
GCA_016180725.1	C
GCA_016192645.1	C
GCA_023484045.1	B
GCA_016182205.1	C
GCA_018061205.1	C
GCA_016182425.1	C
GCA_016432345.1	C
GCA_016204465.1	C
GCA_003152105.1	C
GCA_943354875.1	C
GCA_003173895.1	C
GCA_021777565.1	C
GCA_013816255.1	C
GCA_023245475.1	C
GCA_023245515.1	C
GCA_018900295.1	C
GCA_021813005.1	C
GCA_016188975.1	C
GCA_016214555.1	C
GCA_016204425.1	C
GCA_001782015.1	C
GCA_003599595.1	C
GCA_001782235.1	C
GCA_001873215.1	C
GCA_018062815.1	C
GCA_016182055.1	C
GCA_016195615.1	C
GCA_016199065.1	C
GCA_023484305.1	B
GCA_021788195.1	C
GCA_021836035.1	C
GCA_023380635.1	B
GCA_023485845.1	B
GCA_000997105.1	C
GCA_000997385.1	C
GCA_023487645.1	B
GCA_001776975.1	C
GCA_021790255.1	C
GCA_023379125.1	B
GCA_021786315.1	C
GCA_001776865.1	C
GCA_001776905.1	C
GCA_016176335.1	C
GCA_016176405.1	C
GCA_016182045.1	C
GCA_001777015.1	C
GCA_016187035.1	C
GCA_943356485.1	C
GCA_001777055.1	C
GCA_001777455.1	C
GCA_016198275.1	C
GCA_007376405.1	C
GCA_003519445.1	C
GCA_016187025.1	C
GCA_016432425.1	C
GCA_001776775.1	C
GCA_001776785.1	C
GCA_016186985.1	C
GCA_016186955.1	C
GCA_016176465.1	C
GCA_016195715.1	C
GCA_001774865.1	C
GCA_001774945.1	C
GCA_001776425.1	C
GCA_001774995.1	C
GCA_001776505.1	C
GCA_001776475.1	C
GCA_021813125.1	C
GCA_001775055.1	C
GCA_001775095.1	C
GCA_001776335.1	C
GCA_024654445.1	C
GCA_001776545.1	C
GCA_016183325.1	C
GCA_016187105.1	C
GCA_016195765.1	C
GCA_016198325.1	C
GCA_001816645.1	C
GCA_001816655.1	C
GCA_001816695.1	C
GCA_022574495.1	A
GCA_001816835.1	C
GCA_020060105.1	C
GCA_023485445.1	B
GCA_001771135.1	C
GCA_002791435.1	C
GCA_002084955.1	A
GCA_018818265.1	C
GCA_018824115.1	C
GCA_002771355.1	C
GCA_013335095.1	C
GCA_020429745.1	C
GCA_001515205.2	C
GCA_001873755.1	C
GCA_903889905.1	C
GCA_018500155.1	C
